indicator,ISO Country code,population,surface area (Km2),,GINI index,happy planet index,human development index,sustainable economic development assessment (SEDA),"GDP growth
(annual %)","GDP 
($ USD billions PPP)",GDP per capita in $ (PPP),Economic Growth,"health expenditure 
% of GDP","health expenditure 
per person",infant mortality,"maternal mortality per 100,000 live births","education expenditure
% of GDP",Education as % of GDP,% of primary school aged kids out of school,unemployment (%),% of population in extreme poverty,% of population with access to electricity,political rights score ,civil liberties score ,political stability & absence of violence,government effectiveness,regulatory quality,rule of law,control of corruption,judicial effectiveness score,government integrity score,overall economic freedom score,financial freedom score,government expenditure (% of GDP),CO2e emissions per capita,share of electricity from renewables generation,% of seats held by women in national parliaments,Military Spending as % of GDP,lat,long
Afghanistan,AFG,36000000,652230,1.20%,0,29.40,0.478,0,1.5,75.6,2082,1.19,3.7,184,60.8,638,0,3.20,0,8.5,0,97.7,12,14,-2.78,-1.3,-1.3,-1.570,-1.52,28.20,26.20,51.30,10.00,26.30,0.16,86.1%,27.7,0,33.93911,67.709953
Albania,ALB,2900000,27398,1.30%,29.0,51.00,0.796,53.10,2.6,38.2,13498,4.02,3.05,774,2.4,15,3.10,0,2.56,16.3,0,100.0,28,40,0.4,0.1,0.2,-0.400,-0.42,25.40,39.90,64.50,70.00,30.10,1.69,100.0%,27.9,1.42%,41.153332,20.168331
Algeria,DZA,41000000,2381740,6.00%,35.3,46.50,0.745,45.80,3.7,491.1,11909,1.10,0,1031,11.6,112,6.10,5.87,0.35,11.2,0,99.8,10,25,-0.96,-0.6,-1.2,-0.860,-0.61,35.20,29.00,44.70,30.00,42.50,3.98,0.3%,25.8,5.59%,28.033886,1.659626
Angola,AGO,30000000,1246700,1.60%,42.7,0,0.586,28.40,3,215.1,7149,-1.32,3.12,196,8.8,241,2.42,2.04,0,6.6,11.9,46.9,10,16,-0.29,-1.0,-1.0,-1.100,-1.41,25.40,18.90,48.60,40.00,32.10,0.79,54.5%,38.2,1.13%,-11.202692,17.873887
Argentina,ARG,44000000,2736690,0.70%,41.7,50.00,0.842,57.30,1.2,1012.1,23291,-2.62,5.36,1390,9.7,39,4.72,4.88,0.40,6.6,0.3,100.0,33,50,0.18,0.2,-0.3,-0.250,-0.26,44.50,32.60,52.30,60.00,38.50,3.74,30.7%,38.9,0.57%,-38.416097,-63.616672
Armenia,ARM,3000000,28203,4.90%,31.5,54.70,0.759,51.70,3,37.5,13019,5.20,2.25,883,0,26,2.71,2.26,6.91,16.8,0.1,100.0,15,30,-0.71,-0.1,0.3,-0.160,-0.56,47.40,40.50,68.70,70.00,25.80,2.09,29.6%,18.1,4.44%,40.069099,45.038189
Australia,AUS,25000000,7682300,1.90%,30.3,43.10,0.951,78.90,2.5,1224.9,50169,2.87,5.16,4492,3.0,6,0,5.12,0.43,5.7,0.4,100.0,40,58,0.9,1.5,1.9,1.680,1.80,93.40,77.40,80.90,90.00,36.00,15.24,14.4%,28.7,1.98%,-25.274398,133.775136
Austria,AUT,9000000,82445,0.70%,30.5,46.80,0.916,80.30,0.9,488.5,56960,2.50,5.45,5138,17.3,5,0,5.22,0.04,6.1,0.5,100.0,37,57,1.04,1.5,1.4,1.810,1.53,80.90,73.50,71.80,70.00,51.80,7.29,80.0%,30.6,0.80%,47.516231,14.550072
Azerbaijan,AZE,10000000,82629,4.00%,33.7,48.00,0.745,51.1,1.1,141.2,14549,1.50,2.63,1191,38.6,26,2.68,2.46,3.89,5.1,0,100.0,3,9,-0.76,-0.2,-0.3,-0.560,-0.88,36.80,39.90,64.30,60.00,36.80,3.54,7.8%,16.8,5.27%,40.143105,47.576927
Bahamas,BHS,400000,10010,0,0,0,0.812,60.40,0.5,14,37066,1.83,2.5,1699,4.9,70,2.78,2.25,0,15.3,0,100.0,38,53,1,0.6,0.1,0.190,1.17,53.50,50.90,63.30,60.00,23.80,7.29,0.0%,12.8,0,25.03428,-77.39628
Bahrain,BHR,1300000,760,3.70%,0,33.60,0.875,63.90,3.2,72.8,47486,2.11,2.47,2453,10.5,14,2.15,2.37,1.04,1.3,0,100.0,2,10,-0.95,0.2,0.4,0.450,-0.14,55.10,51.80,67.70,80.00,33.40,20.27,1.3%,7.5,3.56%,26.0667,50.5577
Bangladesh,BGD,165000000,130170,1.30%,32.1,54.50,0.661,35.30,6.4,838.8,5322,7.32,0,88,5.1,173,1.33,0,0,4.1,0,96.2,19,26,-1.25,-0.7,-0.8,-0.670,-0.83,32.60,21.20,55.10,30.00,13.90,0.56,0,20.3,1.27%,23.684994,90.356331
Barbados,BRB,300000,430,0,0,0,0.790,60.80,0.5,4.5,15989,-1.03,6.14,1234,9.6,27,6.45,5.43,1.61,11.4,0,100.0,38,58,0.98,0.8,0.5,0.660,1.42,54.40,53.80,57.00,60.00,45.00,4.36,1.0%,16.7,0,13.193887,-59.543198
Belarus,BLR,10000000,202900,1.20%,26.5,42.90,0.808,59.90,-3.9,179.1,19428,3.15,4.82,1085,10.0,2,4.95,5.38,1.30,0.5,0,100.0,6,15,0.03,-0.4,-0.7,-0.820,-0.26,57.30,42.00,58.10,10.00,41.70,6.12,23.8%,34.5,1.16%,53.709807,27.953389
Belgium,BEL,11000000,30278,0.90%,25.9,42.50,0.937,77.50,1.4,584.4,52535,1.84,6.59,4782,56.5,5,0,6.38,0.52,8.3,0.1,100.0,39,56,0.42,1.2,1.2,1.340,1.50,69.50,70.90,67.50,70.00,54.10,8.10,95.2%,38.0,1.08%,50.503887,4.469936
Belize,BLZ,400000,22806,1.20%,0,0,0.683,48.50,1.5,2.7,7319,2.04,6.61,524,0,36,8.71,7.47,0.66,11,0,97.1,36,50,0.05,-0.6,-0.5,-0.960,-0.27,53.50,34.70,57.10,50.00,33.90,1.64,2.6%,9.4,1.25%,17.189877,-88.49765
Benin,BEN,11000000,110622,0.70%,36.5,41.40,0.525,34.50,5.2,36.3,3236,6.70,3.16,84,52.8,397,3.00,2.93,2.79,1,4.8,41.4,33,49,0.05,-0.6,-0.5,-0.620,-0.55,31.30,30.20,56.70,50.00,21.90,0.62,0,7.2,0.56%,9.30769,2.315834
Bhutan,BTN,800000,38394,0,38.8,36.70,0.666,47.70,7.7,8.6,11620,3.06,6.04,287,36.1,183,5.68,6.85,8.14,2.4,0,100.0,28,27,1.13,0.6,-0.3,0.630,1.57,51.60,50.90,61.80,30.00,30.50,1.38,100.0%,8.5,0,27.514162,90.433601
Bolivia,BOL,11000000,1083301,1.40%,47.0,45.00,0.692,44.80,4.8,98.3,8862,4.22,8.26,446,13.1,155,0,8.90,6.79,3.7,0.9,97.6,28,39,-0.3,-0.4,-0.9,-1.210,-0.66,11.40,23.10,44.10,40.00,42.20,1.94,32.5%,53.1,1.54%,-16.290154,-63.588653
Bosnia and Herzegovina,BIH,3900000,51187,0.90%,33.8,47.80,0.780,50.20,2.8,47.8,14918,3.74,0,1102,2.2,10,0,0,13.28,25.8,0,100.0,21,34,-0.38,-0.5,-0.2,-0.210,-0.52,43.70,28.40,61.40,60.00,44.10,6.38,36.7%,21.4,0.89%,43.915886,17.679076
Botswana,BWA,2200000,566730,2.80%,60.5,31.90,0.693,44.10,-0.3,36.6,16610,3.98,0,970,77.5,144,8.74,6.72,0,18.4,0,72.0,28,44,1.03,0.4,0.5,0.510,0.80,54.70,56.60,69.90,70.00,34.90,3.15,0.0%,9.5,2.86%,-22.328474,24.684866
Brazil,BRA,209000000,8358140,1.50%,49.0,54.60,0.754,51.60,-3.8,3072.5,15019,1.78,5.95,1392,11.4,60,0,6.09,0.52,11.5,0.7,100.0,31,47,-0.41,-0.3,-0.1,-0.280,-0.53,55.50,31.40,51.40,50.00,40.50,2.06,75.0%,10.7,1.19%,-14.235004,-51.92528
Brunei,BRN,400000,5265,3.30%,0,0,0.829,72.50,-0.2,25.9,61832,0.05,3.35,2083,23.2,10,0,0,0.77,2,0,100.0,6,22,1.19,1.1,0.7,0.650,0.71,57.10,45.40,64.20,50.00,37.50,16.13,0.1%,9.1,3.26%,4.535277,114.727669
Bulgaria,BGR,7000000,108489,3.20%,40.2,40.10,0.795,59.90,3,156,23016,2.68,0,1492,5.8,320,0,0,13.30,8,0.3,99.7,33,47,0.37,0.3,0.6,-0.040,-0.16,42.50,38.20,68.30,60.00,36.30,5.61,18.8%,23.8,1.59%,42.733883,25.48583
Burkina Faso,BFA,19000000,273800,2.40%,39.5,41.50,0.449,33.40,4,41.8,2168,6.60,4.05,96,24.3,548,5.52,5.49,20.66,3,8.4,19.0,23,37,-0.92,-0.6,-0.4,-0.400,-0.11,47.10,31.80,60.00,40.00,23.30,0.25,9.9%,11.0,2.89%,12.238333,-1.561593
Burundi,BDI,11000000,25680,1.80%,42.4,37.70,0.426,28.30,-4.1,8.5,780,1.61,6.78,64,3.4,0,5.04,5.08,6.39,1.6,0,11.7,4,14,-1.97,-1.3,-0.8,-1.400,-1.28,21.70,26.20,50.90,30.00,26.70,0.06,87.0%,36.4,1.92%,-3.373056,29.918886
Cabo Verde,CPV,500000,4033,0,0,0,0.662,0,1.8,3.7,7028,4.53,4.96,310,6.7,58,7.58,5.37,6.45,10.5,0,94.2,37,53,0.9,0.2,-0.2,0.410,0.84,52.00,42.80,60.00,60.00,30.80,1.18,30.7%,23.6,0,16.002082,-24.013197
Cambodia,KHM,16000000,176515,2.30%,37.9,48.00,0.593,38.50,6.9,67.6,4259,7.47,1.91,210,39.2,160,0,2.16,9.31,0.3,0,86.4,10,20,0.17,-0.7,-0.5,-1.060,-1.29,24.50,17.70,58.70,50.00,21.20,0.98,47.7%,20.3,2.32%,12.565679,104.990963
Cameroon,CMR,24000000,472710,1.10%,44.6,39.90,0.576,32.10,5.9,93.6,3801,3.96,2.58,163,63.8,529,3.17,3.03,0,4.5,0,64.7,9,13,-1.08,-0.8,-0.8,-1.020,-1.18,29.40,23.40,51.90,50.00,21.60,0.36,77.0%,31.1,1.02%,7.369722,12.354722
Canada,CAN,37000000,9093507,1.30%,32.1,40.20,0.936,76.90,1.2,1814.8,49993,2.78,0,4600,3.9,10,0,0,0.21,7.1,0,100.0,40,59,1.11,1.9,1.9,1.800,1.92,77.10,78.30,77.70,80.00,39.90,15.43,64.7%,26.3,1.32%,56.130366,-106.346771
Central African Republic,CAF,4900000,622984,1.50%,43.6,25.20,0.404,16.10,4.3,4.4,955,3.79,2.22,32,4.4,829,2.17,1.57,0,6.9,0,15.5,4,5,-1.94,-1.8,-1.5,-1.730,-1.17,28.20,24.60,49.20,30.00,13.40,0.05,86.2%,8.6,1.86%,6.611111,20.939444
Chad,TCD,15000000,1259200,2.20%,43.3,30.40,0.394,20.40,1.8,24.4,1614,2.37,2.6,100,11.6,1140,2.91,2.26,25.72,5.8,8.4,11.1,4,14,-1.34,-1.5,-1.2,-1.300,-1.43,24.10,23.10,49.30,40.00,17.70,0.14,0,12.8,2.79%,15.454166,18.732207
Chile,CHL,18000000,743812,1.80%,50.5,45.60,0.855,62.60,2.1,468.9,25527,3.99,4.73,1903,5.5,13,0,5.43,1.28,6.6,0.4,100.0,37,57,0.38,0.9,1.3,1.010,1.04,63.40,61.20,75.20,70.00,25.00,4.82,44.7%,15.8,1.96%,-35.675147,-71.542969
China,CHN,1386000000,9326410,1.90%,46.5,41.90,0.768,50.80,6.9,21229.4,15496,6.75,3.73,762,57.9,29,3.57,3.54,0,4.6,0.1,100.0,0,14,-0.25,0.4,-0.2,-0.260,-0.27,65.40,47.30,57.80,20.00,30.70,7.61,25.0%,24.2,1.74%,35.86166,104.195397
Colombia,COL,49000000,1038700,3.20%,51.1,60.20,0.752,49.10,3.1,710.9,15044,2.56,4.63,853,47.2,83,4.93,4.45,2.28,9.9,5.6,100.0,29,36,-0.79,-0.1,0.3,-0.360,-0.37,36.40,33.40,68.90,70.00,29.20,1.61,69.4%,18.7,3.40%,4.570868,-74.297333
Comoros,COM,800000,2235,0,55.9,42.40,0.558,0,1,2.6,3147,3.64,2.74,121,12.2,273,0,0,18.15,20,0,86.7,24,31,0.03,-1.6,-1.0,-1.050,-0.68,28.20,27.50,56.20,30.00,27.20,0.38,3.7%,6.1,0,-11.875001,43.872219
Congo (Dem. Rep.),COD,81000000,2267048,2.70%,42.1,40.50,0.479,24.8,7.7,91.3,1112,5.82,1.95,34,33.0,473,2.70,0,0,3.6,0,19.1,2,19,-2.3,-1.6,-1.5,-1.690,-1.42,23.90,27.30,52.10,20.00,13.20,0.04,54.6%,8.9,0.56%,-4.038333,21.758664
Congo (Rep.),COG,4500000,341500,0.70%,48.9,47.20,0.571,32.7,2.5,20.6,4022,-4.81,3.18,203,11.4,378,4.45,3.00,15.63,11.2,0,49.5,4,13,-0.53,-1.2,-1.3,-1.100,-1.33,28.20,24.60,38.90,30.00,47.10,1.35,99.8%,11.3,2.91%,-0.228021,15.827659
Costa Rica,CRI,4900000,51060,0.00%,48.5,62.10,0.809,58.90,3.7,103.4,21319,2.62,6.68,1286,14.0,27,6.71,6.77,0.12,9,0.9,99.9,38,53,0.51,0.3,0.5,0.450,0.47,57.80,51.80,65.60,50.00,19.30,1.63,99.1%,35.1,0,9.748917,-83.753428
Cote d'Ivoire,CIV,24000000,318003,1.10%,41.5,39.60,0.550,30.50,8.6,126.2,5154,6.89,3.31,190,48.3,617,3.44,3.24,6.18,9.3,2.4,69.7,19,32,-1.09,-0.7,-0.4,-0.630,-0.52,44.20,36.60,62.00,50.00,22.60,0.42,0,10.6,1.25%,7.539989,-5.54708
Croatia,HRV,4200000,55974,1.70%,30.8,46.20,0.858,64.50,1.6,115.2,28877,2.90,0,1656,46.7,8,0,3.91,1.62,13.5,0.2,100.0,37,49,0.75,0.6,0.4,0.330,0.19,56.50,40.50,61.00,60.00,47.40,4.06,68.5%,18.5,2.74%,45.1,15.2
Cuba,CUB,11000000,109820,2.90%,0,0,0.764,0,4.3,0,0,2.25,0,0,0,36,0,0,2.16,2.9,0,100.0,1,13,0.69,-0.2,-1.3,-0.430,0.27,10.00,38.10,31.90,10.00,62.40,2.29,4.2%,48.9,0,21.521757,-77.781167
Cyprus,CYP,800000,9241,1.60%,34.8,49.40,0.896,65.9,1.6,34.8,40559,5.69,6.44,2137,2.3,6,0,0,0.58,11.7,0.2,100.0,38,56,0.6,0.9,1.0,0.880,0.78,56.70,41.30,67.80,60.00,39.60,6.00,9.2%,17.9,1.99%,35.126413,33.429859
Czech Republic,CZE,11000000,77247,1.20%,0,46.80,0.889,71.1,4.2,424.5,41135,3.20,3.97,2470,3.1,3,0,4.27,0.41,4,0,100.0,37,56,1.02,1.0,1.2,1.120,0.57,57.90,51.10,74.20,80.00,41.40,9.02,12.1%,20.0,1.43%,49.817492,15.472962
Denmark,DNK,6000000,42434,1.30%,29.0,45.30,0.948,82,1.2,325.5,57483,1.99,7.63,5083,27.9,4,0,6.79,0.60,6.1,0.2,100.0,40,57,0.87,1.8,1.6,1.860,2.19,83.60,84.10,76.60,80.00,54.60,5.11,69.4%,37.4,1.37%,56.26392,9.501785
Djibouti,DJI,1000000,23180,3.70%,40.9,0,0.509,0,6.5,4.9,5181,4.77,0,147,31.7,248,0,3.63,37.89,6.6,0,61.8,7,19,-0.71,-1.0,-0.6,-0.910,-0.64,13.80,29.00,45.10,50.00,49.30,0.43,0,10.8,0,11.825138,42.590275
Dominican Republic,DOM,11000000,48320,0.70%,47.1,54.80,0.767,48.1,7,188.2,18135,6.98,3.96,873,19.5,95,4.70,3.93,5.67,14.4,0.4,100.0,26,41,0.16,-0.4,-0.1,-0.420,-0.74,23.10,26.20,61.60,40.00,17.70,2.54,12.2%,26.8,0.65%,18.735693,-70.162651
Ecuador,ECU,17000000,276841,2.30%,45.9,58.80,0.740,48.1,0,197.5,11838,1.29,5.26,980,16.6,59,4.13,4.62,1.31,5.4,2.1,98.8,25,35,-0.1,-0.3,-1.0,-0.700,-0.60,23.30,30.20,48.50,40.00,39.80,2.26,54.1%,38.0,2.46%,-1.8312,-78.1834
Egypt,EGY,98000000,995450,1.20%,31.8,43.20,0.731,43.1,4.2,1118.7,11638,5.31,4.25,495,3.1,37,2.48,0,0.65,12,0,100.0,10,16,-1.42,-0.6,-0.9,-0.530,-0.54,52.50,32.20,53.40,50.00,34.10,2.48,8.7%,14.9,1.30%,26.8206,30.8025
El Salvador,SLV,6000000,20721,1.20%,36.0,56.30,0.675,47.2,2.4,55.3,8822,2.43,3.82,578,1.6,46,3.39,3.61,0,6.3,0.3,100.0,34,36,-0.25,-0.4,-0.2,-0.860,-0.51,35.40,25.20,63.20,60.00,21.30,1.21,58.4%,32.1,1.37%,13.7942,-88.8965
Equatorial Guinea,GNQ,800000,28051,1.10%,0,0,0.596,0,-12.2,26.7,20873,-6.24,0,790,3.6,301,0,0,0,7.3,0,66.7,1,6,-0.15,-1.4,-1.4,-1.490,-1.83,17.60,26.20,42.00,30.00,36.10,3.95,45.9%,24.0,1.31%,1.6508,10.2679
Eritrea,ERI,5000000,101000,0,0,0,0.492,0,4.8,0,0,0,0,56,2.7,480,0,0,47.35,7.3,0,52.2,1,2,-0.66,-1.7,-2.2,-1.560,-1.20,13.80,23.40,41.70,20.00,28.50,0.25,1.0%,22.0,0,15.1794,39.7823
Estonia,EST,1300000,42388,2.10%,34.8,34.40,0.890,70.8,1.1,46.4,36249,4.13,4.39,1887,35.4,9,0,5.26,2.16,6.9,0.3,100.0,38,56,0.66,1.1,1.6,1.280,1.24,83.90,75.70,78.80,80.00,39.80,7.67,16.5%,26.7,2.16%,58.5953,25.0136
Eswatini,SWZ,1100000,17204,1.80%,50.4,35.30,0.597,0,1.7,9.7,8725,2.38,7.07,0,0,437,5.00,5.68,16.35,25.3,0,79.7,1,15,-0.3,-0.6,-0.6,-0.290,-0.30,35.30,26.90,55.90,40.00,34.10,0.84,53.6%,6.2,1.70%,-26.5225,31.4659
Ethiopia,ETH,105000000,1000000,0.60%,33.0,41.70,0.498,32.3,10.2,229.8,2154,6.82,4.6,66,3.2,401,0,5.07,0,5.7,0,51.1,4,8,-1.69,-0.7,-1.0,-0.450,-0.56,37.60,37.70,52.80,20.00,17.70,0.16,100.0%,38.8,0.53%,9.145,40.4897
Fiji,FJI,900000,18274,1.60%,0,0,0.730,49,4.3,12.2,14177,3.81,4.27,331,3.4,34,5.07,4.84,0,7.9,0.2,100.0,24,35,0.79,0.1,-0.2,-0.250,0.36,47.10,34.80,62.00,50.00,32.60,1.83,46.2%,16.0,1.65%,-17.7134,178.065
Finland,FIN,6000000,303815,1.50%,27.2,51.30,0.940,81.3,0.4,265,49581,1.14,7.1,3669,23.0,3,0,6.28,1.33,9,0,100.0,40,60,1.07,1.9,1.8,2.030,2.22,82.70,89.80,74.10,80.00,57.10,7.37,46.3%,42.0,2.03%,61.9241,25.7482
France,FRA,67000000,549970,1.90%,29.3,51.80,0.903,73.9,1.1,3038.6,46577,1.87,0,4542,0,8,0,5.41,0.01,10,0,100.0,38,52,0.21,1.4,1.2,1.440,1.26,72.70,65.10,63.90,70.00,57.00,4.47,16.8%,39.0,1.95%,46.2276,2.2137
Gabon,GAB,1900000,257667,1.60%,42.2,39.90,0.706,40.9,4,31.2,15096,0.84,2.67,481,3.6,252,3.18,2.93,0,18.5,0,91.6,4,19,-0.09,-0.9,-0.8,-0.680,-0.81,27.80,33.40,58.00,40.00,22.60,2.42,45.0%,17.1,1.71%,-0.8037,11.6094
Gambia The,GMB,2100000,10120,0.80%,50.2,0,0.500,0,4.4,4.9,2210,7.23,2.23,0,51.4,597,2.76,2.37,18.19,29.7,0,62.3,20,21,0,0,0,0,0,38.80,36.80,52.30,50.00,29.40,0.25,0,10.3,0.75%,13.4432,-15.3101
Georgia,GEO,3700000,69700,2.00%,40.1,44.30,0.802,55.40,2.8,53.1,14594,4.84,3,718,33.0,25,3.85,3.52,0.79,11.6,1.5,100.0,26,38,-0.37,0.6,1.1,0.330,0.74,64.20,61.80,76.20,60.00,29.80,2.72,78.9%,16.0,1.67%,42.3154,43.3569
Germany,DEU,83000000,348672,1.30%,27.0,52.70,0.942,79.6,1.5,4434.4,55235,1.09,4.92,5357,47.2,7,0,4.98,0.69,4.3,0,100.0,39,55,0.58,1.7,1.8,1.610,1.84,78.00,75.30,74.20,70.00,44.20,7.91,31.8%,37.0,1.34%,51.1657,10.4515
Ghana,GHA,29000000,227533,0.40%,42.3,39.50,0.632,40.2,3.5,158.2,5442,6.20,4.4,249,0,308,0,3.89,3.62,5.8,0,85.9,37,46,0.09,-0.1,-0.1,0.130,-0.23,43.70,32.90,56.00,60.00,26.50,0.66,52.2%,12.7,0.49%,7.9465,-1.0232
Greece,GRC,11000000,130647,2.60%,36.7,48.80,0.887,64.1,-0.2,312.8,29618,1.67,0,2204,14.5,3,0,3.60,1.43,23.9,0.4,100.0,35,50,-0.13,0.3,0.2,0.080,-0.14,59.00,37.90,57.30,40.00,51.30,5.60,29.7%,18.3,3.87%,39.0742,21.8243
Guatemala,GTM,17000000,107159,0.40%,53.0,57.90,0.627,42.5,4,138.3,8664,3.32,2.99,444,0,95,3.30,3.14,10.63,2.4,0,97.1,23,33,-0.57,-0.6,-0.3,-1.060,-0.74,33.10,27.30,63.40,50.00,12.50,1.16,61.7%,12.7,0.44%,15.7835,-90.2308
Guinea,GIN,13000000,245717,2.00%,39.4,38.10,0.465,28.3,0.1,31,2559,6.36,2.42,57,34.7,576,2.20,2.38,0,6.8,3.1,44.7,17,24,-0.61,-1.0,-0.8,-1.230,-1.01,28.20,26.90,52.20,40.00,25.40,0.31,50.0%,21.9,1.48%,9.9456,-9.6966
Guinea-Bissau,GNB,1700000,28120,1.40%,0,0,0.483,0,4.8,3.6,1947,1.28,2.2,100,58.3,667,2.71,2.14,0,6.5,4.7,33.3,16,25,-0.6,-1.8,-1.2,-1.440,-1.56,53.50,27.30,56.90,30.00,21.90,0.17,0,13.7,1.78%,11.8037,-15.1804
Guyana,GUY,800000,196849,1.70%,44.6,0,0.714,42.8,3,9.7,12776,4.44,4.36,336,4.1,169,0,4.45,0,11.4,0,92.5,32,42,-0.04,-0.3,-0.4,-0.290,-0.51,42.50,34.80,58.70,30.00,31.20,3.64,0,31.9,0.96%,4.8604,-58.9302
Haiti,HTI,11000000,27560,0.00%,60.8,38.20,0.535,24.2,1,35.2,3241,1.67,1.75,120,3.4,480,0,1.63,0,13.2,0,46.9,17,24,-0.7,-2.1,-1.3,-1.090,-1.24,42.50,24.60,55.80,30.00,21.90,0.29,8.4%,2.5,0.19%,18.9712,-72.2852
Honduras,HND,9000000,111890,1.60%,47.1,57.70,0.621,41.9,3.6,54.5,5816,3.84,7.09,353,45.6,65,6.44,6.06,15.70,6.3,4.3,93.2,20,26,-0.55,-0.5,-0.4,-1.050,-0.72,34.50,28.20,60.60,60.00,27.90,1.05,43.6%,25.8,1.61%,15.2,-86.2419
Hungary,HUN,10000000,89608,1.20%,28.2,45.40,0.846,66.1,2.9,304.2,62514,5.36,4.6,1912,17.3,12,0,4.62,2.43,5.2,0.1,100.0,28,44,0.81,0.5,0.7,0.530,0.09,57.10,36.40,66.70,70.00,48.50,4.75,11.6%,10.1,1.64%,47.1625,19.5033
Iceland,ISL,300000,100250,0.00%,28.0,48.00,0.959,83.7,4,20,31913,4.89,7.64,4116,2.9,4,0,7.56,4.44,3.8,0,100.0,37,58,1.37,1.5,1.4,1.610,1.84,72.60,77.30,77.00,70.00,43.10,4.55,100.0%,47.6,0,64.9631,-19.0208
India,IND,1339000000,2973193,2.40%,35.2,36.40,0.633,40,7.3,8811.1,6670,6.45,0,238,0,145,4.47,4.36,0,3.5,1.8,99.0,35,42,-0.83,0.1,-0.3,0.000,-0.24,54.30,47.20,54.50,40.00,27.30,1.80,15.1%,11.8,2.66%,20.5937,78.9629
Indonesia,IDN,264000000,1811569,0.70%,36.8,49.60,0.705,46.4,4.8,3043.9,11643,5.17,3.29,369,42.6,177,2.84,3.00,5.62,5.6,0.5,96.9,30,34,-0.51,0.0,-0.1,-0.350,-0.25,45.20,42.80,64.20,60.00,17.60,2.29,11.2%,19.8,0.70%,-0.7893,113.9213
Iran,IRN,81000000,1531595,2.30%,44.5,43.60,0.774,48.00,0,1252.5,15677,-2.25,2.8,1262,21.3,16,3.59,3.96,0,11.3,0.2,100.0,7,11,-0.93,-0.2,-1.2,-0.680,-0.81,35.30,32.60,50.90,10.00,17.20,7.60,5.4%,5.9,2.30%,32.4279,53.688
Iraq,IRQ,38000000,437367,3.50%,0,45.30,0.686,37.00,2.4,405.7,10808,2.63,0,481,1.5,79,0,0,0,16,0,100.0,16,15,-2.33,-1.3,-1.2,-1.640,-1.37,11.40,23.40,0,0,42.70,4.44,3.9%,25.3,2.28%,33.2232,43.6793
Ireland,IRL,4700000,68883,0.30%,31.3,51.10,0.945,80.30,7.8,407.5,84556,9.03,4.88,5335,11.1,5,0,3.39,0.00,8.1,0,100.0,39,57,1.02,1.3,1.6,1.430,1.55,79.00,79.00,80.40,70.00,31.90,7.25,29.7%,22.2,0.26%,53.1424,-7.6921
Israel,ISR,9000000,20330,5.30%,42.8,48.20,0.919,66.50,2.6,354.5,39906,3.98,5.77,2819,2.5,3,0,6.11,0.31,5.6,0.2,100.0,36,43,-0.88,1.4,1.3,1.020,0.83,83.10,61.20,72.20,70.00,40.10,6.92,2.0%,27.5,5.17%,31.0461,34.8516
Italy,ITA,61000000,294140,1.40%,31.9,50.70,0.895,69.10,0.8,2540.5,43036,0.93,4.06,3351,11.4,2,0,4.26,3.15,11.5,1,100.0,36,53,0.24,0.5,0.7,0.320,0.19,60.90,40.10,62.50,50.00,50.30,5.31,40.9%,31.0,1.52%,41.8719,12.5674
Jamaica,JAM,2800000,10831,1.60%,35.0,57.90,0.709,49.70,1.1,28.6,9967,1.89,6.02,511,12.9,80,6.03,5.41,26.46,13.3,0,100.0,34,43,0.25,0.5,0.1,-0.160,-0.17,56.60,39.40,69.10,50.00,27.60,2.85,10.8%,17.5,1.41%,18.1096,-77.2975
Japan,JPN,127000000,364485,0.90%,37.9,47.10,0.925,75.20,0.5,5293,42116,0.58,3.55,4405,8.9,5,0,3.08,0,3.1,0,100.0,40,56,1.12,1.6,1.4,1.570,1.52,73.20,79.20,72.30,60.00,39.10,8.54,17.4%,9.3,1.07%,36.2048,138.2529
Jordan,JOR,10000000,88802,4.70%,39.7,43.90,0.720,48.70,2.5,99.8,10253,1.93,3.8,568,1.8,46,2.99,2.98,19.02,13.2,0,99.9,12,25,-0.53,0.1,0.1,0.260,0.26,57.30,51.90,64.90,60.00,32.00,2.44,1.0%,15.4,5.02%,30.5852,36.2384
Kazakhstan,KAZ,18000000,2699700,1.10%,26.3,38.60,0.811,57.70,1.2,466.9,26155,4.10,3.42,903,31.2,10,2.86,2.62,0.99,5.2,0,100.0,5,17,0.02,0.0,0.2,-0.410,-0.82,58.10,44.60,69.10,50.00,22.20,11.46,9.3%,27.1,0.87%,48.0196,66.9237
Kenya,KEN,50000000,569140,1.20%,48.5,45.20,0.575,35.40,5.6,223,4443,5.65,4.72,157,15.7,342,4.80,5.11,0,11,0,71.4,19,29,-1.08,-0.3,-0.2,-0.410,-0.96,44.00,27.50,54.70,50.00,27.40,0.42,88.2%,21.8,1.12%,0.0236,37.9062
Korea (Dem. Peopleâ€™s Rep.),PRK,25000000,120408,0,0,0,0,0,1,0,2198,0,11.23,0,2.7,89,0,0,0,4.3,0,52.3,0,3,-0.48,-1.7,-2.3,-1.710,-1.48,5.00,25.20,5.80,0.00,0,2.18,2.1%,16.3,0,40.3399,127.5101
Korea (Rep.),KOR,51000000,96920,2.70%,35.7,39.80,0.925,0,2.6,2164.8,0,2.91,0,0,7.6,11,0,4.46,0.92,3.7,0,100.0,33,51,0.29,1.1,1.1,1.160,0.48,63.70,49.90,73.80,70.00,32.30,11.80,73.8%,17.0,2.78%,35.9078,127.7669
Kosovo,0,1900000,10887,0.80%,23.2,0,0,0,3.3,19.3,43044,3.41,0,0,45.7,0,0,0,0,0,0,0,24,28,-0.21,-0.4,-0.1,-0.420,-0.50,59.00,45.40,66.60,30.00,27.10,0,0,0,0.94%,42.6026,20.903
Kuwait,KWT,4200000,17818,5.60%,0,33.30,0.831,65.70,0.9,211.3,52291,2.43,4.4,2978,13.7,12,6.55,6.39,0,2.4,0,100.0,13,23,-0.04,-0.2,-0.1,0.100,-0.33,53.50,36.60,62.20,60.00,51.50,22.02,0,3.1,6.69%,29.3117,47.4818
Kyrgyzstan,KGZ,6000000,191801,1.50%,33.4,53.70,0.692,45.40,3.5,32.5,5256,3.76,5.53,287,22.0,60,5.37,5.55,0.29,7.7,0.2,100.0,12,25,-0.43,-0.7,-0.4,-0.930,-1.05,22.10,29.40,62.80,50.00,37.30,1.56,85.8%,19.2,1.67%,41.2044,74.7661
Laos,LAO,7000000,230800,0.20%,36.7,42.80,0.607,37.80,7,53.6,7774,6.25,2.94,0,6.0,185,2.23,2.37,8.51,1.5,1.2,100.0,1,11,0.43,-0.4,-0.7,-0.880,-0.94,41.40,33.10,53.60,20.00,26.30,2.61,96.5%,27.5,0,19.8563,102.4955
Latvia,LVA,2000000,62249,2.00%,34.5,34.10,0.863,66.10,2.7,57.9,30877,3.99,5.28,1429,0,19,0,4.24,1.13,9.9,0.2,100.0,35,52,0.46,0.9,1.2,0.930,0.54,58.90,45.40,73.60,60.00,37.00,3.96,51.5%,16.0,2.28%,56.8796,24.6032
Lebanon,LBN,4600000,10230,4.20%,0,39.00,0.706,44.80,1,106.7,15933,-1.88,2,1117,58.1,29,2.59,2.52,0,6.8,0,100.0,11,32,-1.59,-0.5,-0.3,-0.820,-1.00,33.60,20.20,53.20,50.00,26.90,4.08,2.8%,3.1,0,33.8547,35.8623
Lesotho,LSO,1900000,30355,1.50%,63.2,27.30,0.514,29.50,2.5,5.5,2677,-1.22,7.2,251,7.7,544,8.70,7.29,6.82,27.4,0,47.4,27,37,-0.25,-0.9,-0.3,-0.270,-0.03,52.70,32.90,53.90,40.00,50.40,0.36,100.0%,22.9,1.29%,-29.61,28.2336
Liberia,LBR,4400000,96320,0.50%,32.0,46.00,0.481,30.60,0,7.4,1581,1.16,2.2,128,9.5,661,2.69,2.50,0,4,0,27.5,27,35,-0.41,-1.4,-1.0,-0.970,-0.69,42.40,32.00,50.90,20.00,36.80,0.24,0,12.3,0.95%,6.4281,-9.4295
Libya,LBY,6000000,1759540,15.50%,0,42.70,0.718,0,-6.4,166.7,25557,7.94,0,0,22.0,72,0,0,0,19.2,0,69.7,1,8,-2.33,-1.8,-2.2,-1.780,-1.59,22.10,23.10,0,0,92.90,8.38,0,16.0,0,26.3351,17.2283
Lithuania,LTU,2900000,62680,2.00%,37.9,36.90,0.875,67.4,1.6,99.3,36376,3.99,4.49,1875,2.3,8,0,3.89,0.18,9.2,0.4,100.0,38,53,0.78,1.0,1.2,0.990,2.06,66.70,50.90,75.30,70.00,34.70,4.20,48.1%,21.3,2.02%,54.6872,25.2797
Luxembourg,LUX,600000,2586,0.60%,30.4,31.70,0.930,83.20,4.5,69.9,116966,2.00,3.86,6382,3.4,5,0,3.65,1.00,5.9,0.1,100.0,38,60,1.34,1.7,1.7,1.740,1.99,77.90,79.00,76.40,80.00,41.40,15.31,0,28.3,0.63%,49.8153,6.1296
Macedonia,MKD,2100000,25433,1.20%,33.7,43.90,0,52.50,3.7,33.5,16796,2.88,2.05,857,0,0,0,0,3.00,26.7,1.2,100.0,21,37,-0.25,0.1,0.5,-0.240,-0.31,57.00,47.40,71.30,60.00,31.50,4.00,32.7%,34.2,1.54%,41.6086,21.7453
Madagascar,MDG,26000000,581540,0.60%,41.0,44.20,0.501,31.10,3,41.8,1630,3.20,2.38,77,5.5,335,3.10,2.84,1.96,2.1,0,33.7,24,32,-0.33,-1.1,-0.7,-0.860,-1.05,21.40,17.80,56.80,50.00,15.40,0.15,59.7%,19.2,0.77%,-18.7669,46.8691
Malawi,MWI,19000000,94080,0.90%,46.1,38.70,0.512,32.50,3,27.2,1532,4.39,4.84,108,7.4,349,2.91,3.32,0,6.7,29.3,14.9,26,37,-0.27,-0.7,-0.8,-0.370,-0.65,47.10,28.90,52.00,50.00,31.30,0.08,99.1%,16.7,0.95%,-13.2543,34.3015
Malaysia,MYS,32000000,328657,1.00%,46.2,41.70,0.803,59.80,5,869.5,28236,4.84,5.21,1064,5.3,29,3.92,4.48,0.26,3.3,0,100.0,18,27,0.16,0.8,0.7,0.410,0.03,65.20,54.80,74.50,50.00,24.90,7.93,10.4%,10.4,1.06%,4.2105,101.9758
Maldives,MDV,400000,298,0,38.4,0,0.747,0,1.9,9.7,19243,8.12,3.09,1514,17.8,53,4.12,3.91,3.42,3.2,0,100.0,14,21,0.26,-0.5,-0.4,-0.620,-0.79,38.80,36.60,51.10,30.00,42.60,3.97,0,5.9,0,3.2028,73.2207
Mali,MLI,19000000,1220190,2.70%,40.1,39.30,0.428,29.70,6.1,43.6,2338,4.75,3.65,118,5.6,562,3.76,3.91,40.99,8.1,3,50.6,17,27,-1.91,-0.9,-0.6,-0.780,-0.63,32.40,31.40,57.60,40.00,22.20,0.30,54.0%,8.8,2.82%,17.5707,-3.9962
Malta,MLT,400000,316,0.60%,28.1,43.50,0.918,68.80,6.3,21.6,45569,6.03,7,3471,35.0,6,0,0,0,5.3,0.1,100.0,36,56,1.27,1.0,1.3,1.140,0.74,62.80,49.90,68.50,60.00,40.40,3.29,7.9%,11.9,0.51%,35.9375,14.3754
Mauritania,MRT,3800000,1030700,2.80%,37.0,34.70,0.556,28.90,1.9,22.9,5317,4.53,0,177,14.8,766,15.75,15.20,19.69,11.7,0,47.3,9,21,-0.62,-0.7,-0.8,-0.600,-0.75,17.60,28.90,54.00,40.00,30.10,0.87,0,25.2,2.38%,21.0079,-10.9408
Mauritius,MUS,1300000,2030,0.20%,35.9,51.50,0.802,60.20,3.4,28.1,22739,3.76,4.92,1099,29.0,61,1.88,0,1.30,7.8,0,99.7,37,52,0.99,0.9,1.0,0.680,0.20,69.60,52.10,75.10,70.00,25.40,3.29,23.8%,11.6,0.17%,-20.3484,57.5522
Mexico,MEX,129000000,1943945,0.50%,48.2,54.30,0.758,49.1,2.5,2514.8,20096,2.19,5.26,1009,25.5,33,4.61,4.25,0.70,4,1,99.4,26,36,-0.65,0.0,0.2,-0.570,-0.93,39.00,26.90,64.80,60.00,27.00,3.52,16.0%,42.6,0.68%,23.6345,-102.5528
Moldova,MDA,3600000,32891,0.40%,26.8,51.00,0.767,48.7,-1.1,33.5,12659,4.30,6.27,515,36.3,19,6.39,5.44,0.65,5,0,100.0,26,35,-0.24,-0.5,0.0,-0.410,-0.80,26.30,26.60,58.40,50.00,38.00,3.32,5.6%,22.8,0.41%,47.4116,28.3699
Mongolia,MNG,3000000,1553556,0.70%,34.0,24.50,0.739,50.6,2.3,38.1,12316,7.74,4.71,470,0,0,4.94,6.17,0,6.7,0.1,98.1,36,49,0.82,-0.3,-0.1,-0.300,-0.45,30.90,34.80,55.70,60.00,37.80,0,3.3%,17.1,0.66%,46.8625,103.8467
Montenegro,MNE,600000,13452,1.60%,31.9,41.30,0.832,0,4.1,12.9,21513,5.08,0,957,13.2,45,0,0,0.72,17.5,1,100.0,25,42,0.01,0.2,0.3,0.010,-0.09,51.30,38.10,64.30,50.00,46.30,7.15,50.9%,23.5,1.74%,42.7087,19.3744
Morocco,MAR,36000000,446300,3.10%,40.9,50.90,0.683,45.8,4.5,272.5,7625,3.15,0,435,2.5,70,6.75,5.35,0.21,10,0,100.0,14,25,-0.41,-0.2,-0.2,-0.170,-0.13,44.30,41.30,61.90,70.00,31.40,1.96,15.7%,20.5,4.18%,31.7917,-7.0926
Mozambique,MOZ,30000000,786380,0.90%,45.6,44.20,0.446,26.70,6.3,38,1321,3.44,6.88,64,49.0,289,6.26,5.45,6.07,24.4,0,30.6,20,32,-0.98,-0.9,-0.7,-1.010,-0.86,36.30,28.20,46.30,50.00,36.20,0.25,87.0%,39.6,1.51%,-18.6657,35.5296
Myanmar,MMR,53000000,676575,0,0,40.00,0.585,37.00,7,240,4575,6.40,1.9,267,19.1,250,2.14,2.16,1.95,0.8,0,70.4,13,18,-1.08,-1.1,-0.8,-0.950,-0.56,17.60,28.20,53.90,20.00,22.60,0.68,60.1%,10.2,3.33%,21.9162,95.956
Namibia,NAM,2300000,823290,3.00%,59.7,36.80,0.615,39.10,4.5,24.7,10328,1.06,9.58,942,0,195,9.64,8.88,1.52,25.6,0,56.3,30,47,0.65,0.2,-0.2,0.240,0.32,54.20,45.40,58.50,40.00,40.70,1.69,97.9%,41.3,3.00%,-22.9576,18.4904
Nepal,NPL,29000000,143351,1.60%,32.8,53.10,0.602,41.70,3.4,106,13960,7.62,3.47,151,23.8,186,4.39,4.43,0,3.2,0,89.9,25,30,-0.66,-0.9,-0.7,-0.680,-0.75,36.20,24.60,54.10,30.00,20.30,0.47,100.0%,29.6,1.34%,28.3949,84.124
Netherlands,NLD,17000000,33893,1.30%,30.3,54.90,0.941,80.30,1.9,966,57827,2.36,5.46,5313,1.8,5,0,5.36,0,6.2,0,100.0,40,59,0.92,1.9,2.1,1.830,1.87,74.10,86.00,76.20,80.00,45.00,8.44,14.7%,36.0,1.42%,52.1326,5.2913
New Zealand,NZL,4700000,264537,1.50%,36.2,57.40,0.937,78.60,3.4,210,42521,3.36,6.34,3530,5.7,9,0,6.05,0.38,5.2,0,100.0,40,58,1.59,1.8,2.1,1.920,2.24,88.40,95.70,84.20,80.00,41.00,6.83,80.8%,34.2,1.37%,-40.9006,174.886
Nicaragua,NIC,6000000,119990,0.70%,47.1,55.20,0.667,43.50,4.5,37,5867,-3.36,4.08,406,3.6,98,4.63,4.47,0,5.9,0,88.9,12,32,-0.05,-0.6,-0.7,-0.640,-0.87,19.00,24.20,58.90,50.00,25.80,0.80,51.6%,45.7,0.60%,12.8654,-85.2072
Niger,NER,21000000,1266700,1.80%,34.0,41.40,0.400,0,4,26.9,1229,7.21,5.1,68,72.2,509,3.84,3.46,41.30,2.6,15.6,19.3,20,29,-1.3,-0.7,-0.7,-0.680,-0.65,32.60,30.40,49.50,40.00,30.10,0.09,0.8%,17.0,1.84%,17.6078,8.0817
Nigeria,NGA,191000000,910768,0.50%,48.8,34.10,0.535,26.50,2.7,1009.7,5278,1.92,0,215,13.8,917,0,0,0,5,9,55.4,25,25,-1.94,-1.0,-0.9,-0.870,-1.07,39.60,14.40,58.50,40.00,11.00,0.57,19.0%,5.6,0.97%,9.082,8.6753
Norway,NOR,5000000,304282,1.70%,26.8,50.90,0.961,85.30,1.6,341.8,69808,1.12,7.7,6222,23.6,2,0,7.64,0.00,4.8,0.2,100.0,40,60,1.15,2.0,1.8,2.020,2.24,86.00,93.60,74.30,60.00,48.60,6.72,98.5%,39.6,1.84%,60.472,8.4689
Oman,OMN,4000000,309500,8.80%,0,0,0.816,62.10,4.1,157.4,33373,1.29,0,1636,35.3,19,5.41,5.21,3.24,17.5,0,100.0,6,17,0.74,0.2,0.4,0.430,0.25,57.40,51.50,61.00,60.00,50.00,15.28,0,1.2,7.34%,21.4735,55.9754
Pakistan,PAK,197000000,770875,4.00%,30.7,45.10,0.544,27.90,4.2,1123.6,5421,6.15,2.47,134,12.3,140,2.51,0,0,5.9,0.6,75.4,19,24,-2.4,-0.6,-0.6,-0.720,-0.78,34.00,27.30,54.40,40.00,19.80,0.88,33.0%,20.6,3.83%,30.3753,69.3451
Panama,PAN,4000000,74340,0.00%,50.7,57.90,0.805,54.5,5.8,129.6,31781,3.69,0,1543,10.0,52,3.91,2.88,0,5.8,0.4,96.7,35,48,0.39,0.0,0.4,0.040,-0.54,29.40,38.80,67.00,70.00,23.10,3.14,66.5%,18.3,0,8.5379,-80.7821
Papua New Guinea,PNG,8000000,452860,0.40%,50.9,0,0.558,0,9,36.1,4290,-0.28,0,99,3.7,145,0,1.87,0,2.5,0,60.4,25,38,-0.58,-0.7,-0.7,-0.820,-0.90,55.10,33.10,55.70,30.00,24.50,0.86,23.8%,0.0,0.38%,-6.314,143.9555
Paraguay,PRY,7000000,397302,1.00%,51.7,47.60,0.717,46.20,3,89.2,13134,3.20,4.79,724,14.2,129,3.30,3.28,0,5.4,0.2,100.0,27,37,0.12,-0.8,-0.2,-0.650,-0.72,28.20,28.30,62.10,60.00,24.40,1.17,100.0%,13.8,0.97%,-23.4425,-58.4438
Peru,PER,32000000,1279996,1.20%,45.3,55.90,0.762,49.30,3.3,408.9,13087,3.97,3.7,671,20.9,88,4.25,3.71,1.42,4.9,1.8,99.3,31,42,-0.26,-0.1,0.4,-0.500,-0.50,33.50,36.60,68.70,60.00,21.90,1.75,54.0%,27.7,1.12%,-9.19,-75.0152
Philippines,PHL,105000000,298170,1.00%,44.4,57.10,0.699,44.50,5.8,908.3,8720,6.34,2.79,323,15.7,121,3.88,3.13,3.80,5.9,0.5,96.8,27,35,-1.24,-0.1,0.0,-0.410,-0.48,38.20,34.40,65.00,60.00,18.90,1.35,26.5%,29.5,1.04%,12.8797,121.774
Poland,POL,38000000,304255,2.00%,30.8,45.00,0.876,67.70,3.6,1202.8,31953,5.35,4.94,1704,52.4,2,0,4.62,2.16,6.2,0.1,100.0,36,49,0.52,0.6,0.9,0.470,0.73,56.60,50.90,68.50,70.00,41.70,7.77,14.6%,28.0,2.12%,51.9194,19.1451
Portugal,PRT,10000000,91470,1.90%,33.9,46.30,0.866,70.80,1.5,350.1,34929,2.85,5.12,2661,16.2,8,0,4.68,0.42,11.2,0.2,100.0,39,58,1.08,1.3,0.9,1.130,0.87,70.10,56.80,63.40,60.00,48.40,4.34,49.8%,34.8,2.07%,39.3999,-8.2245
Qatar,QAT,2600000,11586,1.50%,0,24.30,0.855,70.80,3.3,253,93143,1.23,3.61,3900,5.6,9,3.23,0,1.34,0.2,0,100.0,7,17,0.55,0.7,0.4,0.720,0.73,59.80,71.60,72.60,60.00,36.40,32.47,0,0.0,4.81%,25.3548,51.1839
Romania,ROU,20000000,229891,2.00%,27.3,46.20,0.821,60.00,3.7,555.5,29342,4.47,3.12,1090,4.4,19,0,3.34,12.50,6.4,0.8,100.0,35,49,0.06,-0.2,0.5,0.390,-0.03,59.70,40.00,69.40,50.00,33.20,3.82,41.3%,20.7,1.95%,45.9432,24.9668
Russia,RUS,144000000,16377742,3.90%,41.2,34.90,0.822,57.00,-3.7,3914,28821,2.81,4.01,1414,30.3,17,0,4.68,0.16,5.7,0,100.0,5,15,-0.67,-0.1,-0.5,-0.790,-0.89,46.90,38.10,58.20,30.00,35.30,11.80,16.9%,15.8,4.08%,61.524,105.3188
Rwanda,RWA,12000000,24668,1.20%,50.4,39.20,0.534,38.00,6.9,25.7,2139,8.58,4.2,143,31.8,248,3.82,3.07,4.32,2.5,0,100.0,8,15,0.04,0.3,0.2,0.130,0.63,79.60,61.20,69.10,40.00,27.20,0.11,50.0%,61.3,1.55%,-1.9403,29.8739
Saudi Arabia,SAU,33000000,2149690,8.00%,45.9,41.60,0.875,62.60,3.4,1605.3,48768,2.51,0,3121,39.9,17,7.81,7.09,0,5.5,0,100.0,0,7,-0.62,0.3,0.0,0.100,0.36,60.20,49.90,59.60,50.00,40.00,15.28,0.0%,19.9,6.59%,23.8859,45.0792
Senegal,SEN,16000000,192530,1.50%,40.3,51.20,0.511,38.40,6.5,52.5,3389,6.21,5.72,97,1.8,315,5.50,4.86,0,9.5,1.8,70.4,31,44,-0.04,-0.3,-0.2,-0.150,-0.09,40.40,42.60,55.70,40.00,30.20,0.65,11.1%,41.8,1.76%,14.4974,-14.4524
Serbia,SRB,7000000,77474,2.20%,38.7,53.20,0.802,54.90,0.7,121.9,17718,4.50,3.93,1324,50.3,12,3.62,3.58,1.43,16.5,1.2,100.0,28,45,0.1,0.2,0.0,-0.190,-0.37,48.20,36.50,62.50,50.00,44.50,6.62,28.3%,34.4,2.09%,44.0165,21.0059
Sierra Leone,SLE,8000000,71620,0.70%,34.0,29.00,0.477,32.90,-21.5,12.7,1694,3.46,2.66,256,11.1,1120,8.81,6.99,0,3,6,26.2,28,38,0.03,-1.2,-0.9,-0.79,-0.59,29.60,22.00,51.80,20.00,18.40,0.12,62.9%,12.4,0.61%,8.4606,-11.7799
Singapore,SGP,6000000,709,3.20%,45.9,45.50,0.939,81.80,2,554.5,100686,3.66,2.92,3681,16.6,8,2.51,2.86,0.20,1.8,0,100.0,19,33,1.59,2.2,2.1,1.820,2.13,90.90,91.20,88.80,80.00,17.70,8.31,3.3%,23.0,2.98%,1.3521,103.8198
Slovakia,SVK,5000000,48105,1.80%,23.7,46.60,0.848,67.40,3.6,169.7,31215,3.79,4.23,2062,1.8,5,0,3.97,4.43,10,0.1,100.0,36,53,0.88,0.8,0.8,0.570,0.22,38.80,38.20,65.30,70.00,43.10,5.70,23.7%,20.0,1.71%,48.669,19.699
Slovenia,SVN,2100000,20151,1.10%,24.4,47.90,0.918,72.60,2.9,78.8,38962,4.42,5.29,2734,2.1,7,0,4.94,0.23,8.7,0,100.0,39,54,0.89,1.2,0.6,1.020,0.81,57.70,52.10,64.80,50.00,47.90,6.51,30.5%,36.7,1.22%,46.1512,14.9955
Solomon Islands,SLB,600000,27986,0,0,0,0.564,0,3.3,833.9,2762,3.94,9.81,173,80.1,104,12.75,10.81,4.38,31.4,0,73.3,28,44,0.21,-1.0,-0.8,-0.210,0.11,57.30,36.80,57.50,30.00,46.30,0.54,0,2.0,0,-9.6457,160.1562
Somalia,SOM,15000000,627337,0,0,0,0,0,3.7,1.8,1157,7.68,0,0,4.9,829,0,0,0,6.6,0,49.7,1,6,-2.33,-2.2,-2.3,-2.310,-1.72,25.40,17.80,0,0,0,0.04,1.4%,24.4,0,5.1521,46.1996
South Africa,ZAF,57000000,1214470,1.00%,62.5,36.20,0.713,38.5,1.3,17,14207,1.49,5.49,1086,41.7,119,6.19,5.64,11.01,25.9,0,84.4,32,46,-0.27,0.3,0.2,-0.010,-0.01,65.90,45.40,63.00,50.00,32.60,7.51,2.4%,42.0,0,-30.5595,22.9375
South Sudan,SSD,13000000,644329,3.40%,46.0,0,0.385,0,0,801.9,0,0,1.23,71,50.3,1150,0,0,0,0,0,7.2,-2,4,-2.46,-2.5,-1.9,-1.940,-1.71,0,0,0,0,0,0.15,0.6%,28.5,2.37%,6.877,31.307
Spain,ESP,47000000,498980,1.20%,35.9,52.30,0.905,71.80,3.2,1883.9,40696,2.29,4.3,3183,1.7,4,0,4.18,3.08,19.4,0.6,100.0,38,56,0.27,1.0,0.9,1.010,0.49,62.00,51.50,65.10,70.00,43.70,5.09,36.2%,39.1,1.37%,40.4168,-3.7038
Sri Lanka,LKA,21000000,64630,1.90%,39.2,46.80,0.782,49.30,5.2,278.7,13168,3.27,1.93,353,33.9,36,1.93,2.14,0.54,5,0,100.0,24,31,-0.06,-0.2,-0.1,0.060,-0.45,52.00,30.70,57.80,40.00,18.90,1.09,49.8%,5.8,1.88%,7.8731,80.7718
Sudan,SDN,41000000,1861484,1.60%,0,39.60,0.508,26.50,3.5,182.7,4474,-2.68,0,277,28.9,295,0,0,32.87,13.3,0,55.4,4,4,-2.01,-1.4,-0.6,-1.110,-1.54,21.40,21.20,49.40,20.00,12.50,0.48,65.7%,30.5,1.02%,12.8628,30.2176
Suriname,SUR,600000,156000,0,0,0,0.730,52.70,0.1,10.9,19460,4.95,0,1017,4.7,120,5.01,4.92,13.83,10,0,98.2,34,44,0.14,-0.6,-0.5,-0.150,-0.17,21.40,39.90,48.10,30.00,28.10,4.56,61.3%,25.5,0,3.9193,-56.0278
Sweden,SWE,10000000,410335,1.10%,24.9,50.50,0.947,81.90,4.1,532.7,53522,1.95,7.57,5299,37.4,4,0,7.64,0.13,7.1,0.2,100.0,40,60,0.98,1.8,1.8,1.940,2.14,88.20,92.90,76.30,80.00,50.60,3.41,64.7%,43.6,1.28%,60.1282,18.6435
Switzerland,CHE,8000000,39997,0.70%,29.5,60.10,0.962,83.80,0.9,601.1,71660,2.92,4.88,7583,0,5,0,4.86,0.08,4.6,0,100.0,39,57,1.21,2.1,1.9,1.930,1.99,82.10,82.80,81.70,90.00,34.00,4.36,65.4%,32.5,0.71%,46.8182,8.2275
Syria,SYR,18000000,183630,4.10%,0,0,0.577,0,-4.8,0,0,1.48,0,0,0,31,0,0,0,14.3,0,89.1,-3,2,-2.63,-1.8,-1.8,-2.090,-1.56,22.10,23.10,0,0,0,1.51,2.4%,13.2,0,34.8021,38.9968
Taiwan,TWN,24000000,32260,1.70%,33.6,43.20,0,0,0.7,0,0,0,0,0,0,0,0,0,0,4,0,0,37,56,0.89,1.27,1.37,1.140,0.96,69.20,70.90,76.60,60.00,17.80,0,4.4%,0,1.74%,23.6978,120.9605
Tajikistan,TJK,9000000,141510,1.20%,32.6,55.20,0.685,41.30,3,31.1,3497,7.60,0,193,36.1,17,5.71,5.56,0,10.8,0,99.8,1,10,-0.67,-1.1,-1.1,-1.350,-1.33,50.30,38.20,58.30,30.00,30.90,1.01,98.5%,19.0,1.01%,38.861,71.2761
Tanzania,TZA,57000000,885800,1.30%,37.6,37.00,0.549,36.00,7,141.6,2652,5.44,3.38,96,31.9,524,3.30,3.70,17.65,2.6,13.6,39.9,22,30,-0.58,-0.6,-0.6,-0.450,-0.48,34.70,31.80,59.90,50.00,18.50,0.21,35.3%,36.4,1.07%,-6.369,34.8888
Thailand,THA,69000000,510890,1.30%,44.5,52.90,0.800,52.40,2.8,1256.8,18534,4.22,3.72,610,28.4,37,2.97,3.06,0,0.6,0,100.0,6,25,-0.76,0.4,0.1,0.040,-0.39,45.30,34.70,67.10,60.00,22.00,3.84,9.0%,4.8,1.32%,15.87,100.9925
Timor-Leste,TLS,1200000,14874,1.00%,31.9,0,0.607,0,4.3,3.9,3168,-0.69,7.52,141,19.2,142,0,6.73,4.19,4,0,96.1,32,37,0.03,-1.0,-0.7,-1.170,-0.54,13.80,32.00,48.10,20.00,48.00,0.48,0,32.3,1.14%,-8.8742,125.7275
Togo,TGO,8000000,54385,3.10%,46.0,37.30,0.539,34.9,5.3,16.3,2111,4.98,4.78,96,7.4,396,3.99,4.04,5.31,6.8,8.5,54.0,18,29,-0.74,-1.1,-0.8,-0.710,-0.71,28.20,31.40,47.80,30.00,29.80,0.29,76.1%,17.6,1.78%,8.6195,0.8248
Trinidad and Tobago,TTO,1400000,5128,0.70%,0,31.60,0.810,58.70,-1.8,37.5,27617,-0.71,5.33,2204,14.3,67,4.10,3.30,0,3.9,0,100.0,33,48,0.29,0.3,0.0,-0.110,-0.36,49.80,33.10,57.70,50.00,39.00,12.32,0,31.0,0.89%,10.6918,-61.2225
Tunisia,TUN,12000000,155360,2.60%,40.0,43.90,0.731,49.30,0.8,131.8,11670,2.62,6.88,774,8.1,43,0,0,0,14.8,0,100.0,30,40,-1.05,-0.1,-0.4,0.070,-0.11,41.70,36.80,58.90,30.00,28.60,2.56,3.0%,31.3,2.83%,33.8869,9.5375
Turkiye,TUR,81000000,769632,2.70%,40.2,41.30,0.838,53.30,3.8,2331.7,27961,2.98,0,996,18.7,17,0,4.29,4.96,10.3,0,100.0,16,16,-1.8,0.1,0.0,-0.250,-0.19,54.50,42.00,65.40,60.00,32.60,4.76,32.9%,14.6,2.06%,38.9637,35.2433
Turkmenistan,TKM,6000000,469930,0,40.8,33.00,0.745,0,6.5,86.9,15200,6.20,0,1004,13.9,7,3.12,0,0,8.6,0,100.0,0,4,-0.15,-1.2,-2.0,-1.490,-1.48,5.00,27.30,47.10,10.00,16.10,12.26,0.0%,25.8,0,38.9697,59.5563
Uganda,UGA,43000000,197100,2.10%,39.5,44.80,0.525,30.90,5,90.8,2176,6.30,1.91,139,6.9,0,2.67,2.13,0,2.3,13.7,42.1,11,26,-0.56,-0.6,-0.2,-0.300,-1.04,40.30,28.30,62.00,40.00,17.40,0.13,80.8%,34.3,2.42%,1.3733,32.2903
Ukraine,UKR,45000000,579330,3.40%,25.5,40.90,0.773,52.50,-9.9,521.5,12632,3.49,5.87,469,9.1,19,5.44,5.32,0,8.9,0,100.0,26,36,-1.89,-0.5,-0.3,-0.710,-0.78,29.50,29.00,51.90,30.00,42.80,3.94,4.6%,12.3,3.23%,48.3794,31.1656
United Arab Emirates,ARE,9000000,83600,5.60%,0,34.30,0.911,70.40,3.9,645,68568,1.19,0,2426,7.6,3,3.88,0,0,3.7,0,100.0,5,12,0.63,1.4,1.0,0.800,1.13,83.40,77.30,77.60,60.00,31.20,19.33,0.2%,22.5,0,23.4241,53.8478
United Kingdom,GBR,66000000,241930,1.70%,32.4,56.00,0.929,74.60,2.2,3113.9,47573,1.65,5.56,4145,8.2,7,0,5.17,0.66,4.8,0,100.0,40,54,0.26,1.4,1.7,1.680,1.84,93.80,79.00,78.00,80.00,43.00,5.22,27.4%,32.0,2.22%,55.3781,-3.436
United States,USA,326000000,9147593,3.40%,45.0,37.40,0.921,76.00,2.4,20048.2,62805,2.92,0,9536,12.5,19,0,4.91,0.57,4.9,0.8,100.0,33,53,0.3,1.6,1.6,1.640,1.38,76.90,71.90,75.70,80.00,38.10,14.67,14.0%,19.4,3.48%,37.0902,-95.7129
Uruguay,URY,3500000,175015,2.00%,41.6,57.50,0.809,64.20,1.5,79.5,23585,0.48,4.58,1748,5.4,17,4.70,4.66,0.15,8.2,0.1,100.0,40,58,1.06,0.4,0.7,0.590,1.29,67.00,71.60,69.20,30.00,32.40,1.87,89.1%,20.2,2.26%,-32.5228,-55.7658
Uzbekistan,UZB,32000000,425400,3.60%,36.8,54.10,0.727,43.10,8,233.4,7252,5.35,5.71,383,12.9,29,4.92,5.90,0.73,8.9,0,100.0,1,6,-0.28,-0.6,-1.3,-1.110,-1.16,35.30,24.20,51.50,10.00,33.90,3.48,21.5%,16.0,0,41.3775,64.5853
Venezuela,VEN,32000000,882050,0.50%,39.0,48.90,0.691,43.10,-5.7,0,0,0,0,579,0,125,0,0,0,6.9,0,100.0,8,18,-1.18,-1.4,-2.0,-2.260,-1.36,13.80,7.50,25.20,10.00,37.70,3.94,64.9%,22.2,0,6.4238,-66.5897
Vietnam,VNM,96000000,310070,2.00%,34.8,48.40,0.703,50.80,6.7,912.3,9777,7.20,0,334,21.1,43,4.06,4.17,0,2.2,0.2,100.0,3,17,0.31,0.0,-0.4,0.070,-0.58,36.30,30.40,53.10,40.00,29.40,3.49,37.9%,26.7,0,14.0583,108.2772
Yemen,YEM,28000000,527968,4.00%,37.9,44.60,0.455,23.90,-28.1,0,0,0.75,0,144,25.8,164,0,0,0,17.1,0,73.8,1,12,-2.96,-1.9,-1.5,-1.750,-1.59,16.60,21.20,0,0,25.20,0.38,0,0.0,0,15.5527,48.5164
Zambia,ZMB,17000000,743398,1.20%,57.5,34.40,0.565,33.20,3.6,61.1,3606,4.03,5.2,203,37.9,213,3.70,4.74,0,7.5,0,44.5,22,33,0.11,-0.6,-0.5,-0.330,-0.54,40.60,36.30,54.30,50.00,25.70,0.38,97.1%,18.0,1.30%,-13.1339,27.8493
Zimbabwe,ZWE,17000000,386847,0.70%,43.2,28.60,0.593,29.70,1.5,36.1,2557,4.82,6.14,182,0,458,0,3.87,15.30,5.1,13.5,52.7,10,20,-0.77,-1.2,-1.6,-1.380,-1.27,33.00,18.90,44.00,10.00,30.60,0.80,54.0%,32.6,0.01%,-19.0154,29.1549