country,"GDP 
($ USD billions PPP) (2018)","GDP 
($ USD billions PPP) (2019)","GDP 
($ USD billions PPP) (2020)","GDP 
($ USD billions PPP) (2021)",GDP per capita in $ (PPP) (2018),GDP per capita in $ (PPP) (2019),GDP per capita in $ (PPP) (2020),GDP per capita in $ (PPP) (2021),"health expenditure 
% of GDP (2014)","health expenditure 
% of GDP (2015)","health expenditure 
% of GDP (2016)","health expenditure 
% of GDP (2017)","health expenditure 
% of GDP (2018)","health expenditure 
% of GDP (2019)","health expenditure 
% of GDP (2020)","health expenditure 
% of GDP (2021)","health expenditure 
per person (2015)","health expenditure 
per person (2018)","health expenditure 
per person (2019)",unemployment (%) (2018),unemployment (%) (2021),Military Spending as % of GDP (2021),Military Spending as % of GDP (2019)
AFG,75.6,78.6,76.7,,2082.0,2152.0,2078.0,,3.7,3.26,3.51,3.37,3.2,3.21,,,184.0,70.0,65.8,8.5,13.28,,1.2
ALB,38.2,39.0,37.6,40.8,13498.0,13999.0,13632.0,15646.0,3.05,3.44,3.96,3.61,,3.92,3.1,,774.0,274.9,,16.3,11.82,1.42,1.3
DZA,491.1,496.1,470.8,488.9,11909.0,12008.0,11323.0,12037.0,,,7.34,6.51,5.87,6.1,,,1031.0,256.0,248.2,11.2,12.7,5.59,6.0
AGO,215.1,213.6,201.9,203.3,7149.0,6995.0,6478.0,6581.0,3.12,3.49,2.75,2.47,2.04,1.93,2.42,,196.0,87.3,71.3,6.6,8.53,1.13,1.6
ARG,1012.1,991.6,893.5,985.2,23291.0,22997.0,20769.0,23627.0,5.36,5.78,5.55,5.45,4.88,4.72,,,1390.0,1127.9,946.0,6.6,10.9,0.57,0.7
ARM,37.5,40.4,37.4,39.5,13019.0,14230.0,13311.0,14630.0,2.25,2.81,2.76,2.71,2.26,2.56,2.71,,883.0,422.3,524.0,16.8,20.9,4.44,4.9
AUS,1224.9,1250.8,1250.7,1269.2,50169.0,51748.0,53317.0,55807.0,5.16,5.32,5.29,5.14,5.12,,,,4492.0,5364.5,5427.5,5.7,5.11,1.98,1.9
AUT,488.5,495.8,462.4,483.1,56960.0,58076.0,55686.0,58427.0,5.45,5.46,5.48,5.37,5.22,,,,5138.0,5322.3,5242.2,6.1,6.3,0.8,0.7
AZE,141.2,144.8,138.5,146.3,14549.0,15052.0,14479.0,15843.0,2.63,2.95,2.9,2.47,2.46,2.68,,,1191.0,168.4,193.1,5.1,6.58,5.27,4.0
BHS,14.0,14.2,10.8,12.3,37066.0,38064.0,29065.0,34108.0,2.5,2.25,2.33,2.42,2.25,2.29,2.37,2.78,1699.0,2002.4,2004.6,15.3,13.24,,
BHR,72.8,74.4,70.7,72.3,47486.0,47224.0,43821.0,45411.0,2.47,2.67,2.87,2.32,2.37,2.09,2.15,,2453.0,994.2,940.4,1.3,1.87,3.56,3.7
BGD,838.8,904.9,936.1,1001.1,5322.0,5784.0,5995.0,6613.0,,,1.54,,,1.33,,,88.0,41.9,45.9,4.1,5.23,1.27,1.3
BRB,4.5,4.4,3.8,3.9,15989.0,16154.0,14046.0,14817.0,6.14,5.38,4.71,4.37,5.43,3.2,3.06,6.45,1234.0,1164.5,1143.3,11.4,10.41,,
BLR,179.1,181.6,180.0,184.5,19428.0,20093.0,20238.0,21699.0,4.82,4.79,4.95,4.79,5.38,4.98,4.95,,1085.0,351.0,399.4,0.5,4.74,1.16,1.2
BEL,584.4,596.7,562.8,598.0,52535.0,54278.0,53070.0,58931.0,6.59,6.45,6.46,6.43,6.38,,,,4782.0,5134.4,4960.4,8.3,6.42,1.08,0.9
BLZ,2.7,2.8,2.3,2.6,7319.0,7455.0,6166.0,6921.0,6.61,6.87,7.29,7.45,7.47,7.14,7.53,8.71,524.0,286.0,293.4,11.0,8.22,1.25,1.2
BEN,36.3,38.8,40.3,42.9,3236.0,3426.0,3505.0,3789.0,3.16,3.17,2.9,3.54,2.93,2.97,3.0,,84.0,31.1,29.1,1.0,1.57,0.56,0.7
BTN,8.6,9.1,8.1,,11620.0,12366.0,11129.0,,6.04,7.59,6.99,7.23,6.85,5.68,,,287.0,102.7,116.0,2.4,4.33,,
BOL,98.3,100.4,91.7,97.3,8862.0,9093.0,8283.0,9030.0,8.26,8.94,8.85,8.66,8.9,,,,446.0,235.7,245.9,3.7,8.51,1.54,1.4
BIH,47.8,49.2,47.6,51.0,14918.0,15711.0,15598.0,16846.0,,,,,,,,,1102.0,539.9,553.8,25.8,15.22,0.89,0.9
BWA,36.6,37.8,34.5,38.4,16610.0,17097.0,15471.0,17604.0,,7.81,7.97,7.3,6.72,6.91,8.74,,970.0,494.2,481.5,18.4,24.72,2.86,2.8
BRA,3072.5,3110.1,2989.4,3127.5,15019.0,15358.0,14834.0,16056.0,5.95,6.24,6.31,6.32,6.09,,,,1392.0,866.2,853.4,11.5,14.4,1.19,1.5
BRN,25.9,26.9,27.2,26.8,61832.0,64719.0,65607.0,66620.0,3.35,,4.43,,,,,,2083.0,763.1,671.6,2.0,7.65,3.26,3.3
BGR,156.0,162.3,155.2,161.7,23016.0,24498.0,24564.0,26705.0,,,,4.08,,,,,1492.0,689.9,697.9,8.0,5.42,1.59,3.2
BFA,41.8,44.2,45.1,48.2,2168.0,2267.0,2274.0,2462.0,4.05,3.67,,5.63,5.49,5.7,5.52,,96.0,40.3,42.3,3.0,4.76,2.89,2.4
BDI,8.5,8.7,8.7,8.8,780.0,783.0,771.0,793.0,6.78,6.37,4.69,4.76,5.08,5.35,5.04,,64.0,22.4,20.6,1.6,1.79,1.92,1.8
CPV,3.7,3.9,3.4,3.6,7028.0,7475.0,6376.0,7028.0,4.96,5.27,5.29,5.18,5.37,4.73,7.58,,310.0,190.5,177.9,10.5,,,
KHM,67.6,72.4,70.1,72.2,4259.0,4574.0,4423.0,4683.0,1.91,2.6,2.8,3.2,2.16,,,,210.0,92.9,113.3,0.3,15.42,2.32,2.3
CMR,93.6,96.9,97.3,100.7,3801.0,3901.0,3867.0,4064.0,2.58,2.66,2.56,3.06,3.03,3.08,3.17,,163.0,53.2,54.0,4.5,0.61,1.02,1.1
CAN,1814.8,1848.9,1752.2,1832.1,49993.0,49299.0,46572.0,52085.0,,,,,,,,,4600.0,5018.7,5048.4,7.1,3.87,1.32,1.3
CAF,4.4,4.5,4.5,4.6,955.0,986.0,989.0,1021.0,2.22,1.91,1.75,1.75,1.57,1.77,2.17,,32.0,53.7,37.2,6.9,7.51,1.86,1.5
TCD,24.4,25.2,24.8,24.5,1614.0,1646.0,1592.0,1591.0,2.6,2.4,2.3,2.45,2.26,2.37,2.91,,100.0,29.7,29.9,5.8,1.88,2.79,2.2
CHL,468.9,472.5,444.2,496.1,25527.0,25323.0,25089.0,29104.0,4.73,4.88,5.34,5.42,5.43,,,,1903.0,1455.1,1375.8,6.6,9.13,1.96,1.8
CHN,21229.4,22492.6,22996.4,24861.3,15496.0,16652.0,17189.0,19338.0,3.73,3.82,3.79,3.67,3.54,3.54,3.57,,762.0,501.1,535.1,4.6,4.82,1.74,1.9
COL,710.9,733.5,681.8,753.9,15044.0,15673.0,14868.0,16894.0,4.63,4.47,4.48,4.54,4.45,4.51,4.93,,853.0,513.2,495.3,9.9,14.34,3.4,3.2
COM,2.6,2.6,2.6,2.7,3147.0,3188.0,3148.0,3284.0,2.74,2.55,,,,,,,121.0,69.4,72.3,20.0,9.45,,
COD,91.3,95.3,96.9,102.5,1112.0,1144.0,1142.0,1219.0,1.95,2.17,2.12,1.45,,,2.45,2.7,34.0,18.5,20.6,3.6,5.43,0.56,2.7
COG,20.6,20.6,19.3,18.6,4022.0,3987.0,3689.0,3617.0,3.18,3.28,5.24,4.45,3.0,3.58,4.45,,203.0,49.5,48.6,11.2,23.01,2.91,0.7
CRI,103.4,105.9,101.6,109.3,21319.0,22632.0,22244.0,23387.0,6.68,6.87,6.89,7.07,6.77,6.8,6.71,,1286.0,909.7,921.6,9.0,17.95,,0.0
CIV,126.2,134.0,136.7,146.3,5154.0,5433.0,5465.0,5940.0,3.31,3.49,3.97,3.8,3.24,3.72,3.44,,190.0,72.2,75.1,9.3,3.47,1.25,1.1
HRV,115.2,119.3,109.6,121.1,28877.0,30544.0,28780.0,33801.0,,,,3.85,3.91,,,,1656.0,1014.2,1040.1,13.5,8.68,2.74,1.7
CUB,0.0,0.0,0.0,0.0,,,,,,,,,,,,,,986.9,1031.9,2.9,2.76,,2.9
CYP,34.8,36.6,34.8,36.7,40559.0,42339.0,39593.0,42556.0,6.44,6.33,6.15,5.72,,,,,2137.0,1981.8,1996.5,11.7,6.13,1.99,1.6
CZE,424.5,437.3,412.0,425.8,41135.0,42847.0,41608.0,44261.0,3.97,5.75,5.55,3.81,4.27,,,,2470.0,1765.6,1844.2,4.0,2.89,1.43,1.2
DNK,325.5,332.4,325.5,340.8,57483.0,58701.0,60230.0,64651.0,7.63,,,7.75,6.79,,,,5083.0,6216.8,6003.3,6.1,4.8,1.37,1.3
DJI,4.9,5.1,5.2,5.4,5181.0,5482.0,5533.0,5926.0,,3.59,3.92,3.75,3.63,,,,147.0,71.1,61.8,6.6,28.39,,3.7
DOM,188.2,197.7,184.4,207.1,18135.0,19190.0,17934.0,20769.0,3.96,3.82,3.85,3.92,3.93,4.04,4.62,,873.0,461.5,491.1,14.4,8.5,0.65,0.7
ECU,197.5,197.5,182.2,189.9,11838.0,11850.0,10890.0,11661.0,5.26,5.0,4.36,4.61,4.62,4.23,4.13,,980.0,495.2,486.5,5.4,6.43,2.46,2.3
EGY,1118.7,1180.9,1223.0,1263.7,11638.0,12260.0,12606.0,13316.0,4.25,3.93,4.05,,,2.61,2.48,,495.0,125.5,149.8,12.0,9.33,1.3,1.2
SLV,55.3,56.6,51.8,57.4,8822.0,9147.0,8420.0,9669.0,3.82,3.91,3.83,3.73,3.61,3.39,,,578.0,288.5,300.1,6.3,5.94,1.37,1.2
GNQ,26.7,25.2,24.2,23.9,20873.0,19385.0,18158.0,18127.0,,,,,,,,,790.0,310.6,254.9,7.3,9.24,1.31,1.1
ERI,0.0,0.0,0.0,0.0,,,,,,,,,,,,,56.0,24.0,25.3,7.3,8.05,,
EST,46.4,48.3,46.9,50.8,36249.0,37851.0,37645.0,42192.0,4.39,5.14,5.16,4.96,5.26,,,,1887.0,1552.6,1598.8,6.9,6.33,2.16,2.1
SWZ,9.7,9.9,9.8,10.5,8725.0,9018.0,8865.0,9816.0,7.07,5.36,5.41,6.14,5.68,5.65,5.34,5.0,,298.1,264.1,25.3,25.76,1.7,1.8
ETH,229.8,249.0,264.1,278.9,2154.0,2315.0,2423.0,2600.0,4.6,4.74,5.06,5.65,5.07,,,,66.0,24.3,26.7,5.7,3.69,0.53,0.6
FJI,12.2,12.2,10.3,9.9,14177.0,14262.0,12158.0,12060.0,4.27,4.81,4.84,4.65,4.84,5.07,,,331.0,216.1,235.7,7.9,5.24,1.65,1.6
FIN,265.0,268.3,262.1,271.2,49581.0,50322.0,50937.0,55007.0,7.1,7.03,6.85,6.36,6.28,,,,3669.0,4515.7,4450.3,9.0,7.53,2.03,1.5
FRA,3038.6,3094.6,2851.6,3050.1,46577.0,49072.0,46991.0,50729.0,,,,5.45,5.41,,,,4542.0,4657.8,4491.7,10.0,8.06,1.95,1.9
GAB,31.2,32.5,31.9,32.4,15096.0,15577.0,15105.0,15598.0,2.67,2.99,2.66,3.33,2.93,2.73,3.18,,481.0,218.5,215.0,18.5,22.26,1.71,1.6
GMB,4.9,5.2,5.2,5.5,2210.0,2320.0,2277.0,2434.0,2.23,2.16,2.02,2.46,2.37,2.79,2.76,,,35.8,29.7,29.7,11.21,0.75,0.8
GEO,53.1,55.8,52.0,57.4,14594.0,15622.0,14731.0,16997.0,3.0,3.16,3.59,3.57,3.52,3.81,3.85,,718.0,312.7,291.1,11.6,10.66,1.67,2.0
DEU,4434.4,4481.2,4276.4,4400.1,55235.0,55653.0,54845.0,57928.0,4.92,4.86,4.84,4.87,4.98,,,,5357.0,5482.0,5440.3,4.3,3.54,1.34,1.3
GHA,158.2,168.5,169.4,178.5,5442.0,5774.0,5750.0,6178.0,4.4,4.43,4.39,3.53,3.89,,,,249.0,76.8,75.3,5.8,4.7,0.49,0.4
GRC,312.8,318.4,289.7,313.8,29618.0,30356.0,27949.0,31295.0,,3.66,,3.48,3.6,,,,2204.0,1572.7,1500.6,23.9,14.8,3.87,2.6
GTM,138.3,143.7,141.5,152.1,8664.0,9019.0,8853.0,9769.0,2.99,3.03,2.94,2.95,3.14,3.2,3.3,,444.0,259.6,271.0,2.4,3.57,0.44,0.4
GIN,31.0,32.8,34.3,35.4,2559.0,2675.0,2754.0,2879.0,2.42,2.52,2.54,2.32,2.38,1.85,2.2,,57.0,35.7,43.0,6.8,6.34,1.48,2.0
GNB,3.6,3.7,3.6,3.8,1947.0,2021.0,1949.0,2057.0,2.2,2.3,2.3,2.2,2.14,2.95,2.71,,100.0,61.2,62.6,6.5,6.76,1.78,1.4
GUY,9.7,10.2,14.7,17.6,12776.0,13634.0,19703.0,24494.0,4.36,3.9,4.74,4.66,4.45,,,,336.0,301.4,325.9,11.4,16.42,0.96,1.7
HTI,35.2,34.6,33.5,32.9,3241.0,3203.0,3095.0,3127.0,1.75,1.86,1.4,1.5,1.63,,,,120.0,63.1,57.0,13.2,15.73,0.19,0.0
HND,54.5,55.9,50.9,57.3,5816.0,5978.0,5420.0,6253.0,7.09,6.41,5.16,4.94,6.06,4.91,6.44,,353.0,180.9,187.6,6.3,8.51,1.61,1.6
HUN,304.2,318.1,303.9,325.5,62514.0,62103.0,58980.0,65973.0,4.6,4.49,4.61,4.61,4.62,,,,1912.0,1074.0,1062.4,5.2,4.12,1.64,1.2
ISL,20.0,20.5,19.2,19.9,31913.0,33515.0,33274.0,36753.0,7.64,7.46,7.43,7.58,7.56,,,,4116.0,6565.9,6275.0,3.8,5.4,,0.0
IND,8811.1,9140.5,8537.6,9301.5,6670.0,6972.0,6525.0,7334.0,,4.11,4.25,4.31,4.36,4.41,4.47,,238.0,60.3,63.7,3.5,5.98,2.66,2.4
IDN,3043.9,3196.7,3130.6,3246.2,11643.0,12311.0,12072.0,12904.0,3.29,3.58,3.5,2.67,3.0,2.84,,,369.0,111.7,120.1,5.6,4.41,0.7,0.7
IRN,1252.5,1235.7,1257.5,0.0,15677.0,15533.0,15791.0,,2.8,2.8,3.37,3.79,3.96,3.66,3.59,,1262.0,484.3,470.4,11.3,11.46,2.3,2.3
IRQ,405.7,428.1,379.6,390.2,10808.0,11349.0,9954.0,10409.0,,4.49,4.71,,,,,,481.0,239.4,253.3,16.0,14.19,2.28,3.5
IRL,407.5,427.6,452.6,513.7,84556.0,87380.0,93350.0,106456.0,4.88,3.76,3.74,3.51,3.39,,,,5335.0,5484.2,5428.6,8.1,6.63,0.26,0.3
ISR,354.5,367.8,359.9,389.4,39906.0,40004.0,39489.0,43722.0,5.77,5.86,5.86,6.06,6.11,,,,2819.0,3329.2,3456.4,5.6,5.05,5.17,5.3
ITA,2540.5,2553.2,2322.8,2477.1,43036.0,44376.0,41988.0,45936.0,4.06,4.07,3.82,4.04,4.26,,,,3351.0,3000.7,2905.5,11.5,9.83,1.52,1.4
JAM,28.6,28.8,25.9,27.1,9967.0,10190.0,9241.0,10026.0,6.02,5.46,5.31,5.26,5.41,5.16,5.62,6.03,511.0,319.9,327.4,13.3,9.18,1.41,1.6
JPN,5293.0,5280.3,5042.3,5124.0,42116.0,42283.0,42100.0,42940.0,3.55,,3.15,3.13,3.08,,,,4405.0,4256.1,4360.5,3.1,2.8,1.07,0.9
JOR,99.8,101.7,100.2,102.4,10253.0,10496.0,10354.0,10952.0,3.8,3.45,3.45,3.23,2.98,2.99,,,568.0,335.2,334.0,13.2,19.25,5.02,4.7
KAZ,466.9,487.9,475.7,494.7,26155.0,27464.0,26750.0,28600.0,3.42,2.79,2.98,2.75,2.62,2.86,,,903.0,275.9,273.0,5.2,4.9,0.87,1.1
KEN,223.0,234.4,233.9,251.4,4443.0,4647.0,4587.0,5024.0,4.72,4.74,4.9,4.96,5.11,4.97,5.08,4.8,157.0,73.5,83.4,11.0,5.74,1.12,1.2
PRK,0.0,0.0,0.0,0.0,2198.0,2192.0,2172.0,,11.23,9.86,10.09,10.86,11.97,12.39,,,,,,4.3,2.59,,
KOR,2164.8,2213.4,2194.5,2282.8,,,,,,,,,,,,,,2543.6,2624.5,3.7,3.53,2.78,2.7
,19.3,20.2,19.2,20.9,43044.0,42998.0,45226.0,46918.0,,,4.33,4.33,4.46,,,,,,,,,0.94,0.8
KWT,211.3,210.1,191.5,0.0,52291.0,52055.0,47303.0,,4.4,4.77,5.85,6.37,6.39,6.49,6.55,,2978.0,1733.8,1758.7,2.4,3.71,6.69,5.6
KGZ,32.5,33.9,31.1,32.2,5256.0,5480.0,4985.0,5288.0,5.53,5.99,6.59,6.03,5.55,5.37,,,287.0,65.7,62.1,7.7,9.1,1.67,1.5
LAO,53.6,56.5,56.8,58.3,7774.0,8220.0,8238.0,8674.0,2.94,,,2.52,2.37,2.3,2.23,,,57.7,68.2,1.5,1.26,,0.2
LVA,57.9,59.4,57.1,59.7,30877.0,31883.0,31425.0,34469.0,5.28,5.28,4.66,4.37,4.24,,,,1429.0,1101.5,1166.8,9.9,7.6,2.28,2.0
LBN,106.7,99.4,73.6,65.9,15933.0,15105.0,11377.0,10691.0,2.0,2.1,2.12,2.13,2.52,2.59,,,1117.0,695.1,663.1,6.8,14.49,,4.2
LSO,5.5,5.6,5.2,5.3,2677.0,2768.0,2569.0,2682.0,7.2,9.0,7.76,8.16,7.29,7.99,7.67,8.7,251.0,124.7,124.2,27.4,24.6,1.29,1.5
LBR,7.4,7.3,7.0,7.3,1581.0,1532.0,1468.0,1553.0,2.2,2.17,2.15,2.66,2.5,2.27,2.31,2.69,128.0,61.2,52.6,4.0,4.09,0.95,0.5
LBY,166.7,148.0,112.6,147.9,25557.0,22764.0,17286.0,23357.0,,,,,,,,,,,,19.2,19.58,,15.5
LTU,99.3,103.8,103.7,108.9,36376.0,38541.0,38881.0,42665.0,4.49,4.23,4.0,3.81,3.89,,,,1875.0,1249.0,1370.0,9.2,7.9,2.02,2.0
LUX,69.9,72.2,71.0,75.8,116966.0,117342.0,117846.0,134754.0,3.86,3.77,,3.49,3.65,,,,6382.0,6227.1,6220.7,5.9,5.23,0.63,0.6
MKD,33.5,34.8,32.7,34.0,16796.0,17546.0,16720.0,17918.0,2.05,3.0,3.1,2.71,2.73,3.06,6.3,,857.0,399.1,436.9,26.7,16.2,1.54,1.2
MDG,41.8,43.7,40.5,42.3,1630.0,1687.0,1544.0,1635.0,2.38,2.21,2.69,2.7,2.84,2.99,3.1,,77.0,22.3,19.8,2.1,2.59,0.77,0.6
MWI,27.2,28.6,28.9,29.7,1532.0,1602.0,1591.0,1658.0,4.84,5.61,4.75,4.03,3.32,3.71,2.91,,108.0,37.4,30.4,6.7,7.02,0.95,0.9
MYS,869.5,908.1,856.8,883.6,28236.0,29621.0,27921.0,29617.0,5.21,4.89,4.75,4.68,4.48,4.16,3.92,,1064.0,426.5,436.6,3.3,4.61,1.06,1.0
MDV,9.7,10.4,6.9,9.0,19243.0,20334.0,13442.0,18232.0,3.09,3.89,3.69,3.89,3.91,4.12,,,1514.0,786.4,854.4,3.2,6.08,,
MLI,43.6,45.6,45.1,46.5,2338.0,2420.0,2348.0,2447.0,3.65,3.8,3.09,3.79,3.91,3.48,3.76,,118.0,33.4,34.3,8.1,7.72,2.82,2.7
MLT,21.6,22.9,21.0,22.9,45569.0,47408.0,43243.0,47714.0,7.0,5.02,5.08,4.65,,,,,3471.0,2753.5,2531.9,5.3,3.5,0.51,0.6
MRT,22.9,24.2,23.8,24.3,5317.0,5570.0,5390.0,5592.0,,,1.94,,,1.82,1.88,,177.0,57.3,57.9,11.7,11.46,2.38,2.8
MUS,28.1,28.9,24.6,25.6,22739.0,23835.0,20529.0,22240.0,4.92,4.89,5.01,5.02,4.83,4.72,4.61,,1099.0,656.6,685.9,7.8,7.41,0.17,0.2
MEX,2514.8,2510.1,2305.1,2415.7,20096.0,19863.0,18671.0,20036.0,5.26,5.23,4.91,4.52,4.25,,,,1009.0,521.0,540.4,4.0,4.38,0.68,0.5
MDA,33.5,34.7,32.2,36.6,12659.0,13576.0,12942.0,15637.0,6.27,5.81,5.61,5.62,5.44,6.1,6.39,,515.0,276.5,284.3,5.0,3.96,0.41,0.4
MNG,38.1,40.3,38.4,39.0,12316.0,13013.0,12366.0,12863.0,4.71,4.22,5.18,4.07,6.17,4.94,,,470.0,159.4,163.4,6.7,7.08,0.66,0.7
MNE,12.9,13.4,11.3,12.8,21513.0,23073.0,19990.0,22795.0,,,,,,,,,957.0,731.5,735.2,17.5,18.49,1.74,1.6
MAR,272.5,279.6,262.0,281.4,7625.0,7865.0,7369.0,8144.0,,4.65,,5.12,5.35,5.93,6.75,,435.0,174.8,174.2,10.0,11.47,4.18,3.1
MOZ,38.0,38.9,38.4,39.3,1321.0,1336.0,1297.0,1342.0,6.88,6.01,5.87,5.51,5.45,6.08,6.26,,64.0,40.7,39.5,24.4,3.98,1.51,0.9
MMR,240.0,256.2,264.3,216.8,4575.0,4940.0,5123.0,4345.0,1.9,2.1,1.9,2.33,2.16,2.14,,,267.0,59.2,60.0,0.8,2.17,3.33,
NAM,24.7,24.5,22.5,23.1,10328.0,10223.0,9359.0,9805.0,9.58,9.85,10.64,9.71,8.88,8.93,9.45,9.64,942.0,464.5,427.3,25.6,21.68,3.0,3.0
NPL,106.0,113.1,110.4,115.1,13960.0,14097.0,14337.0,15103.0,3.47,3.26,3.9,4.77,4.43,4.24,4.39,,151.0,51.1,53.2,3.2,5.05,1.34,1.6
NLD,966.0,984.9,947.5,995.2,57827.0,59004.0,59267.0,63767.0,5.46,5.35,5.48,5.18,5.36,,,,5313.0,5337.0,5335.3,6.2,4.01,1.42,1.3
NZL,210.0,214.7,212.0,221.8,42521.0,45555.0,44658.0,46420.0,6.34,6.33,6.41,6.26,6.05,,,,3530.0,4037.5,4211.0,5.2,4.12,1.37,1.5
NIC,37.0,35.6,35.0,38.6,5867.0,5676.0,5574.0,6332.0,4.08,4.08,4.08,4.36,4.47,4.6,4.63,,406.0,173.5,160.8,5.9,5.96,0.6,0.7
NER,26.9,28.5,29.6,30.0,1229.0,1276.0,1288.0,1310.0,5.1,4.49,2.96,2.58,3.46,3.53,3.84,,68.0,30.3,31.4,2.6,0.75,1.84,1.8
NGA,1009.7,1032.0,1013.5,1050.5,5278.0,5352.0,5186.0,5459.0,,,,,,,,,215.0,66.5,71.5,5.0,9.79,0.97,0.5
NOR,341.8,344.3,341.9,355.3,69808.0,66799.0,62645.0,79201.0,7.7,7.57,8.03,7.91,7.64,,,,6222.0,8271.9,8007.4,4.8,4.99,1.84,1.7
OMN,157.4,155.6,150.7,0.0,33373.0,32604.0,31118.0,,,,,5.84,5.21,5.41,,,1636.0,678.0,624.7,17.5,3.12,7.34,8.8
PAK,1123.6,1151.6,1136.3,1204.9,5421.0,5542.0,5426.0,5878.0,2.47,2.65,3.0,2.9,,2.51,,,134.0,42.9,39.5,5.9,4.35,3.83,4.0
PAN,129.6,133.5,109.6,126.4,31781.0,32767.0,26780.0,31680.0,,2.84,2.85,2.88,2.88,3.13,3.91,,1543.0,1131.7,1192.8,5.8,12.09,,0.0
PNG,36.1,37.7,36.4,36.9,4290.0,4474.0,4286.0,4445.0,,,,1.96,1.87,,,,99.0,63.5,65.1,2.5,2.75,0.38,0.4
PRY,89.2,88.9,88.1,91.8,13134.0,13148.0,13035.0,13976.0,4.79,3.34,,3.09,3.28,3.47,3.3,,724.0,390.0,388.4,5.4,7.21,0.97,1.0
PER,408.9,418.0,372.2,421.9,13087.0,13401.0,11908.0,13895.0,3.7,3.97,3.81,3.93,3.71,3.82,4.25,,671.0,365.9,370.1,4.9,4.83,1.12,1.2
PHL,908.3,963.8,872.1,921.8,8720.0,9291.0,8394.0,9120.0,2.79,3.33,3.57,4.4,3.13,3.23,3.88,,323.0,128.6,142.1,5.9,2.41,1.04,1.0
POL,1202.8,1259.9,1227.9,1298.3,31953.0,33798.0,34287.0,37503.0,4.94,4.81,4.63,4.56,4.62,,,,1704.0,978.7,1014.0,6.2,3.37,2.12,2.0
PRT,350.1,359.5,329.1,345.2,34929.0,36172.0,34177.0,35888.0,5.12,4.89,,5.02,4.68,,,,2661.0,2216.3,2221.4,11.2,6.65,2.07,1.9
QAT,253.0,255.0,245.7,249.5,93143.0,93844.0,89961.0,93521.0,3.61,,,2.97,,2.8,3.23,,3900.0,1730.2,1807.2,0.2,0.26,4.81,1.5
ROU,555.5,578.7,557.0,589.8,29342.0,31867.0,32202.0,35414.0,3.12,3.11,2.98,3.1,3.34,,,,1090.0,687.2,738.6,6.4,5.17,1.95,2.0
RUS,3914.0,4000.0,3892.7,4080.3,28821.0,30068.0,29916.0,32803.0,4.01,3.83,3.76,4.69,4.68,,,,1414.0,609.0,653.4,5.7,5.01,4.08,3.9
RWA,25.7,28.1,27.2,30.1,2139.0,2322.0,2214.0,2494.0,4.2,3.65,3.44,3.13,3.07,3.24,3.33,3.82,143.0,52.3,51.4,2.5,1.61,1.55,1.2
SAU,1605.3,1610.6,1544.0,1594.0,48768.0,48984.0,46778.0,49551.0,,,8.51,8.02,7.09,6.79,7.81,,3121.0,1341.5,1316.3,5.5,7.36,6.59,8.0
SEN,52.5,54.9,55.6,59.0,3389.0,3510.0,3504.0,3769.0,5.72,5.46,5.11,4.62,4.86,5.35,5.5,,97.0,61.8,59.1,9.5,3.72,1.76,1.5
SRB,121.9,127.1,125.9,135.3,17718.0,18822.0,19094.0,21432.0,3.93,3.79,3.63,3.71,3.58,3.62,,,1324.0,617.1,641.0,16.5,11.81,2.09,2.2
SLE,12.7,13.3,13.1,13.5,1694.0,1777.0,1727.0,1816.0,2.66,3.06,3.06,4.66,6.99,7.45,8.81,,256.0,44.3,46.2,3.0,5.33,0.61,0.7
SGP,554.5,560.6,537.3,578.3,100686.0,102431.0,99681.0,116486.0,2.92,2.86,2.87,2.77,2.86,2.74,2.51,,3681.0,2667.7,2632.7,1.8,3.62,2.98,3.2
SVK,169.7,174.1,166.5,171.6,31215.0,31967.0,31356.0,33010.0,4.23,4.59,3.91,3.94,3.97,,,,2062.0,1299.9,1342.1,10.0,6.74,1.71,1.8
SVN,78.8,81.3,77.9,84.2,38962.0,40671.0,39725.0,43625.0,5.29,4.91,4.79,4.78,4.94,,,,2734.0,2169.6,2219.1,8.7,4.42,1.22,1.1
SLB,833.9,850.9,801.9,832.1,2762.0,2773.0,2618.0,2656.0,9.81,10.13,12.0,12.11,10.81,11.13,12.75,,173.0,96.4,111.9,31.4,1.03,,
SOM,1.8,1.8,1.7,1.7,1157.0,1237.0,1246.0,1302.0,,,,,,,,,,,,6.6,19.86,,
ZAF,17.0,18.3,18.8,19.4,14207.0,14289.0,13359.0,14420.0,5.49,5.48,5.44,5.6,5.64,5.92,6.19,,1086.0,564.5,546.7,25.9,33.56,,1.0
SSD,801.9,802.8,751.2,788.1,,,,,1.23,1.47,1.54,,,,,,71.0,26.7,22.6,,13.91,2.37,3.4
ESP,1883.9,1923.2,1715.1,1803.0,40696.0,41695.0,37756.0,40775.0,4.3,4.29,4.23,4.21,4.18,,,,3183.0,2740.3,2711.2,19.4,14.73,1.37,1.2
LKA,278.7,285.2,274.9,284.9,13168.0,13632.0,13227.0,14127.0,1.93,2.23,,,2.14,1.93,,,353.0,162.1,160.7,5.0,5.39,1.88,1.9
SDN,182.7,178.7,172.2,172.4,4474.0,4350.0,4142.0,4217.0,,,,,,,,,277.0,59.5,46.9,13.3,19.81,1.02,1.6
SUR,10.9,11.1,9.3,9.0,19460.0,19840.0,16733.0,16676.0,,5.53,5.64,5.46,4.92,6.83,5.01,,1017.0,475.0,619.2,10.0,10.06,,
SWE,532.7,543.2,527.3,552.6,53522.0,54599.0,55065.0,59324.0,7.57,7.44,7.62,7.57,7.64,,,,5299.0,6005.1,5671.4,7.1,8.66,1.28,1.1
CHE,601.1,608.4,593.8,615.7,71660.0,72034.0,71745.0,77324.0,4.88,4.94,4.93,4.95,4.86,,,,7583.0,9870.7,9666.3,4.6,5.32,0.71,0.7
SYR,0.0,0.0,0.0,0.0,,,,,,,,,,,,,,,,14.3,10.57,,4.1
TWN,0.0,0.0,0.0,0.0,,,,,,,,,,,,,,,,4.0,,1.74,1.7
TJK,31.1,33.4,34.9,38.1,3497.0,3733.0,3854.0,4288.0,,4.97,5.76,5.84,5.56,5.71,,,193.0,59.8,61.9,10.8,7.75,1.01,1.2
TZA,141.6,149.8,152.8,159.3,2652.0,2773.0,2780.0,2933.0,3.38,4.19,4.1,4.43,3.7,3.6,3.23,3.3,96.0,42.0,40.3,2.6,2.65,1.07,1.3
THA,1256.8,1283.8,1204.3,1223.1,18534.0,19217.0,18198.0,19209.0,3.72,3.76,3.64,3.36,3.06,2.97,,,610.0,278.6,296.2,0.6,1.42,1.32,1.3
TLS,3.9,4.7,5.2,5.4,3168.0,3780.0,4141.0,4418.0,7.52,8.45,8.08,7.03,6.73,,,,141.0,93.6,92.7,4.0,5.07,1.14,1.0
TGO,16.3,17.1,17.5,18.4,2111.0,2211.0,2223.0,2380.0,4.78,5.11,3.69,3.76,4.04,4.07,3.99,,96.0,54.9,51.2,6.8,4.0,1.78,3.1
TTO,37.5,37.4,34.7,34.3,27617.0,27960.0,26125.0,26868.0,5.33,3.39,3.95,3.58,3.3,3.7,4.1,,2204.0,1143.2,1167.9,3.9,4.8,0.89,0.7
TUN,131.8,133.6,121.9,126.0,11670.0,11903.0,10879.0,11595.0,6.88,6.22,7.32,,,,,,774.0,236.7,233.1,14.8,16.82,2.83,2.6
TUR,2331.7,2352.5,2394.7,2657.8,27961.0,26867.0,27235.0,30472.0,,,,,4.29,,,,996.0,389.9,396.5,10.3,13.39,2.06,2.7
TKM,86.9,92.3,0.0,0.0,15200.0,16194.0,,,,,,,,3.12,,,1004.0,460.3,500.0,8.6,5.08,,
UGA,90.8,96.6,99.5,102.9,2176.0,2275.0,2294.0,2398.0,1.91,2.32,2.14,2.25,2.13,1.53,2.59,2.67,139.0,32.1,32.4,2.3,2.94,2.42,2.1
UKR,521.5,538.2,518.0,535.6,12632.0,13345.0,13087.0,14220.0,5.87,5.74,5.01,5.42,5.32,5.44,,,469.0,222.5,248.1,8.9,8.88,3.23,3.4
ARE,645.0,667.0,626.1,0.0,68568.0,71145.0,66766.0,,,,,,,3.87,3.88,,2426.0,1817.3,1842.7,3.7,3.36,,5.6
GBR,3113.9,3165.9,2872.4,3086.2,47573.0,49041.0,46527.0,49675.0,5.56,5.51,5.38,5.38,5.17,,,,4145.0,4270.2,4312.9,4.8,4.53,2.22,1.7
USA,20048.2,20507.1,19808.9,20932.3,62805.0,65095.0,63028.0,69288.0,,4.95,4.8,5.11,4.91,,,,9536.0,10515.3,10921.0,4.9,5.46,3.48,3.4
URY,79.5,79.7,74.9,78.1,23585.0,24005.0,22728.0,24625.0,4.58,4.55,4.38,4.47,4.66,4.7,,,1748.0,1686.1,1661.0,8.2,10.45,2.26,2.0
UZB,233.4,246.8,251.4,270.1,7252.0,7658.0,7746.0,8497.0,5.71,5.49,5.38,5.03,5.9,7.0,4.92,,383.0,82.3,98.6,8.9,7.16,,3.6
VEN,0.0,0.0,0.0,0.0,,,,,,1.93,1.19,1.34,,,,,579.0,464.0,338.8,6.9,6.41,,0.5
VNM,912.3,977.6,1006.3,1032.4,9777.0,10562.0,10904.0,11553.0,,4.47,4.34,4.09,4.17,4.06,,,334.0,163.2,180.7,2.2,2.17,,2.0
YEM,0.0,0.0,0.0,0.0,,,,,,,,,,,,,144.0,,,17.1,13.57,,4.0
ZMB,61.1,62.0,60.3,62.4,3606.0,3617.0,3457.0,3624.0,5.2,4.62,3.75,3.73,4.74,4.47,3.7,,203.0,76.3,69.3,7.5,13.03,1.3,1.2
ZWE,36.1,33.8,31.7,33.6,2557.0,2408.0,2251.0,2444.0,6.14,5.81,5.47,5.82,3.87,,,,182.0,141.4,103.0,5.1,5.17,0.01,0.7
